codigo,descripcion,NOVA,env_group,mapping_rule,in_coeff_table
V001,Acelga,1,Vegetables (outdoor),prefix_V,TRUE
V050,"Acelga, congelada",3,Vegetables (outdoor),prefix_V,TRUE
V073,"Acelga, pencas",1,Vegetables (outdoor),prefix_V,TRUE
V002,Achicoria,1,Vegetables (outdoor),prefix_V,TRUE
V081,Ají en conserva,3,Vegetables (outdoor),prefix_V,TRUE
V077,Ají Locoto,1,Vegetables (outdoor),prefix_V,TRUE
V003,Ají rojo / morrón rojo,1,Vegetables (outdoor),prefix_V,TRUE
V004,Ají verde o amarillo / morrón verde o amarillo,1,Vegetables (outdoor),prefix_V,TRUE
V065,Ajo,1,Vegetables (outdoor),prefix_V,TRUE
V071,Albahaca,1,Vegetables (outdoor),prefix_V,TRUE
V069,"Alcaparras, encurtido",3,Vegetables (outdoor),prefix_V,TRUE
V005,Alcaucil,1,Vegetables (outdoor),prefix_V,TRUE
V006,Apio,1,Vegetables (outdoor),prefix_V,TRUE
V051,"Arveja, congelada",3,Vegetables (outdoor),prefix_V,TRUE
V008,"Arveja, enlatada",3,Vegetables (outdoor),prefix_V,TRUE
V007,"Arveja, fresca",1,Vegetables (outdoor),prefix_V,TRUE
V010,Berenjena,1,Vegetables (outdoor),prefix_V,TRUE
V011,Berro,1,Vegetables (outdoor),prefix_V,TRUE
V012,Brócoli,1,Vegetables (outdoor),prefix_V,TRUE
V013,Brotes de soja,1,Vegetables (outdoor),prefix_V,TRUE
V075,Brotes de tacuara (bambú) en escabeche,3,Vegetables (outdoor),prefix_V,TRUE
V082,Caldo de verduras colado,4,Vegetables (outdoor),prefix_V,TRUE
V014,Cebolla,1,Vegetables (outdoor),prefix_V,TRUE
V052,Cebolla de verdeo,1,Vegetables (outdoor),prefix_V,TRUE
V074,"Champignones, enlatados",3,Vegetables (outdoor),prefix_V,TRUE
V076,"Champignones, frescos",1,Vegetables (outdoor),prefix_V,TRUE
V053,"Chaucha, congelada",3,Vegetables (outdoor),prefix_V,TRUE
V016,"Chaucha, fresca",1,Vegetables (outdoor),prefix_V,TRUE
V078,Chuchu o chayote,1,Vegetables (outdoor),prefix_V,TRUE
V015,Coliflor,1,Vegetables (outdoor),prefix_V,TRUE
V020,Escarola,1,Vegetables (outdoor),prefix_V,TRUE
V021,Espárrago,1,Vegetables (outdoor),prefix_V,TRUE
V022,Espinaca,1,Vegetables (outdoor),prefix_V,TRUE
V023,Habas,1,Vegetables (outdoor),prefix_V,TRUE
V054,Hakusai o col china,1,Vegetables (outdoor),prefix_V,TRUE
V024,Hinojo,1,Vegetables (outdoor),prefix_V,TRUE
V083,Hojas de parra,1,Vegetables (outdoor),prefix_V,TRUE
V026,"Hongos, enlatados",3,Vegetables (outdoor),prefix_V,TRUE
V025,"Hongos, frescos",1,Vegetables (outdoor),prefix_V,TRUE
V080,"Hongos, secos",1,Vegetables (outdoor),prefix_V,TRUE
V055,"Jardinera, congelada",3,Vegetables (outdoor),prefix_V,TRUE
V056,"Jardinera, enlatada",3,Vegetables (outdoor),prefix_V,TRUE
V066,Jengibre,1,Vegetables (outdoor),prefix_V,TRUE
V057,Kale,1,Vegetables (outdoor),prefix_V,TRUE
V027,Lechuga,1,Vegetables (outdoor),prefix_V,TRUE
V028,Mandioca,1,Starchy vegetables,prefix_V_starchy_keyword,TRUE
V072,Medallones de verdura congelados industrializados,4,Vegetables (outdoor),prefix_V,TRUE
V029,"Palmitos, enlatados",3,Vegetables (outdoor),prefix_V,TRUE
V031,Pepino,1,Vegetables (outdoor),prefix_V,TRUE
V067,Perejil,1,Vegetables (outdoor),prefix_V,TRUE
V070,"Pickles, en vinagre",3,Vegetables (outdoor),prefix_V,TRUE
V062,"Prefritos congelados, croquetas de vegetales (espinaca, brócoli)",4,Vegetables (outdoor),prefix_V,TRUE
V063,"Prefritos congelados, milanesas de vegetales (4 vegetales, espinaca)",4,Vegetables (outdoor),prefix_V,TRUE
V064,"Prefritos congelados, patitas de vegetales (espinaca)",4,Vegetables (outdoor),prefix_V,TRUE
V032,Puerro,1,Vegetables (outdoor),prefix_V,TRUE
V033,Rabanito,1,Vegetables (outdoor),prefix_V,TRUE
V034,Radicheta,1,Vegetables (outdoor),prefix_V,TRUE
V035,Remolacha,1,Vegetables (outdoor),prefix_V,TRUE
V036,Repollito de Bruselas,1,Vegetables (outdoor),prefix_V,TRUE
V037,Repollo,1,Vegetables (outdoor),prefix_V,TRUE
V058,Rúcula,1,Vegetables (outdoor),prefix_V,TRUE
V038,Tomate,1,Vegetables (outdoor),prefix_V,TRUE
V068,"Tomate, desecado",3,Vegetables (outdoor),prefix_V,TRUE
V039,"Tomate, enlatado",3,Vegetables (outdoor),prefix_V,TRUE
V060,"Tomate, puré de tomate",3,Vegetables (outdoor),prefix_V,TRUE
V059,Tomate cherry,1,Vegetables (outdoor),prefix_V,TRUE
V079,Verdolaga,1,Vegetables (outdoor),prefix_V,TRUE
V040,Zanahoria,1,Vegetables (outdoor),prefix_V,TRUE
V041,Zapallito,1,Vegetables (outdoor),prefix_V,TRUE
V042,Zapallo,1,Vegetables (outdoor),prefix_V,TRUE
V084,"Zapallo / calabaza, puré instantáneo (polvo)*",4,Vegetables (outdoor),prefix_V,TRUE
V061,Zucchini,1,Vegetables (outdoor),prefix_V,TRUE
F050,Aceituna negra,3,Fruits,prefix_F,TRUE
F001,Aceituna verde,3,Fruits,prefix_F,TRUE
F069,"Alimento a base de coco (leche de coco, industrializada)",4,Fruits,prefix_F,TRUE
F044,Acerola,1,Fruits,prefix_F,TRUE
F003,Ananá,1,Fruits,prefix_F,TRUE
F004,"Ananá, enlatado (fruta y almíbar)",3,Fruits,prefix_F,TRUE
F071,Ananá glaseado,4,Fruits,prefix_F,TRUE
F060,Arándanos,1,Fruits,prefix_F,TRUE
F006,Banana,1,Fruits,prefix_F,TRUE
F067,Banana deshidratada,1,Fruits,prefix_F,TRUE
F045,Cayota o Alcayota,1,Fruits,prefix_F,TRUE
F007,Cereza,1,Fruits,prefix_F,TRUE
F009,Ciruela pasa / ciruela seca,3,Fruits,prefix_F,TRUE
F008,Ciruela,1,Fruits,prefix_F,TRUE
F046,Coco fresco,1,Fruits,prefix_F,TRUE
F066,"Coco, leche",1,Fruits,prefix_F,TRUE
F051,Coco rallado,3,Fruits,prefix_F,TRUE
F052,"Coctail de frutas, enlatado (fruta y almíbar)",4,Fruits,prefix_F,TRUE
F010,Damasco,1,Fruits,prefix_F,TRUE
F061,Dátiles,3,Fruits,prefix_F,TRUE
F013,"Durazno, enlatado light (fruta y almíbar)",4,Fruits,prefix_F,TRUE
F012,"Durazno, enlatado (fruta y almíbar)",3,Fruits,prefix_F,TRUE
F011,Durazno,1,Fruits,prefix_F,TRUE
F014,Durazno orejón,3,Fruits,prefix_F,TRUE
F064,Frambuesa,1,Fruits,prefix_F,TRUE
F065,Frutas abrillantadas,4,Fruits,prefix_F,TRUE
F015,Frutilla,1,Fruits,prefix_F,TRUE
F016,Granada,1,Fruits,prefix_F,TRUE
F053,Guabirova,1,Fruits,prefix_F,TRUE
F017,Guayaba,1,Fruits,prefix_F,TRUE
F054,Higo desecado,3,Fruits,prefix_F,TRUE
F018,Higo,1,Fruits,prefix_F,TRUE
F019,Kaki,1,Fruits,prefix_F,TRUE
F020,Kinoto,1,Fruits,prefix_F,TRUE
F021,Kiwi,1,Fruits,prefix_F,TRUE
F022,Limón,1,Fruits,prefix_F,TRUE
F059,"Limón, ralladura",1,Fruits,prefix_F,TRUE
F023,Mamón,1,Fruits,prefix_F,TRUE
F024,Mandarina,1,Fruits,prefix_F,TRUE
F025,Mango,1,Fruits,prefix_F,TRUE
F027,Manzana con piel,1,Fruits,prefix_F,TRUE
F028,Manzana sin piel,1,Fruits,prefix_F,TRUE
F070,Maracuyá,1,Fruits,prefix_F,TRUE
F029,Melón,1,Fruits,prefix_F,TRUE
F030,Membrillo,1,Fruits,prefix_F,TRUE
F055,Mora,1,Fruits,prefix_F,TRUE
F031,Naranja,1,Fruits,prefix_F,TRUE
F062,"Naranja, ralladura",1,Fruits,prefix_F,TRUE
F032,Níspero,1,Fruits,prefix_F,TRUE
F034,Palta,1,Fruits,prefix_F,TRUE
F063,Papaya,1,Fruits,prefix_F,TRUE
F036,Pera,1,Fruits,prefix_F,TRUE
F037,"Pera, enlatada (fruta y almíbar)",3,Fruits,prefix_F,TRUE
F038,"Pera, enlatada light (fruta y almíbar)",4,Fruits,prefix_F,TRUE
F039,Pera orejón,3,Fruits,prefix_F,TRUE
F056,Pitanga,1,Fruits,prefix_F,TRUE
F041,Pomelo,1,Fruits,prefix_F,TRUE
F057,Puré de frutas envasado (alimento infantil),4,Fruits,prefix_F,TRUE
F042,Sandía,1,Fruits,prefix_F,TRUE
F058,Tuna,1,Fruits,prefix_F,TRUE
F043,Uva,1,Fruits,prefix_F,TRUE
F035,Uva pasa,3,Fruits,prefix_F,TRUE
A001,Almidón de maíz,2,Cereals (without rice),prefix_A_default_cereals,TRUE
A193,Almidón de mandioca,2,Cereals (without rice),prefix_A_default_cereals,TRUE
A002,Amaranto,1,Cereals (without rice),prefix_A_default_cereals,TRUE
A101,Anchi,3,Cereals (without rice),prefix_A_default_cereals,TRUE
A003,Arroz blanco,1,Rice,prefix_A_rice_keyword,TRUE
A191,Arroz inflado azucarado,4,Rice,prefix_A_rice_keyword,TRUE
A004,Arroz integral,1,Rice,prefix_A_rice_keyword,TRUE
A102,Arroz yamaní,1,Rice,prefix_A_rice_keyword,TRUE
A103,"(tipo cuatro quesos, primavera, etc.)",3,Cereals (without rice),prefix_A_default_cereals,TRUE
A255,"Arroz a la portuguesa (envasado, fortificado con vitaminas y minerales)",4,Rice,prefix_A_rice_keyword,TRUE
A257,"Arroz a la valenciana (envasado, fortificado con vitaminas y minerales)",4,Rice,prefix_A_rice_keyword,TRUE
A006,"Arveja, semilla seca entera / partida",1,Legumes and pulses,prefix_A_legumes_keyword,TRUE
A005,"Avena, arrollada",1,Cereals (without rice),prefix_A_default_cereals,TRUE
A104,"Avena, almohaditas",4,Cereals (without rice),prefix_A_default_cereals,TRUE
A105,Barra crocante de arroz,4,Rice,prefix_A_rice_keyword,TRUE
A106,Barra de cereal fortificada,4,Cereals (without rice),prefix_A_default_cereals,TRUE
A107,Barra de cereal light,4,Cereals (without rice),prefix_A_default_cereals,TRUE
A008,"Barra de cereales, PROMEDIO",4,Cereals (without rice),prefix_A_default_cereals,TRUE
A073,Batata,3,Cereals (without rice),prefix_A_default_cereals,TRUE
A108,Bizcochitos de grasa envasados,2,Cereals (without rice),prefix_A_default_cereals,TRUE
A109,Bizcochitos de grasa envasados light,4,Cereals (without rice),prefix_A_default_cereals,TRUE
A110,Bizcochitos de arroz envasados (tipo galletita),4,Rice,prefix_A_rice_keyword,TRUE
A009,"Bizcochos de grasa (panadería) / Criollitos, Libritos (pan con grasa)",2,Baked products,prefix_A_baked_keyword,TRUE
A010,Bizcochos tipo Bay Biscuit,3,Baked products,prefix_A_baked_keyword,TRUE
A229,Bizcochuelo preparado (panadería),4,Baked products,prefix_A_baked_keyword,TRUE
A111,Bizcochuelo preparado a partir de polvo premezcla,4,Cereals (without rice),prefix_A_default_cereals,TRUE
A112,"Bizcochuelo preparado a partir de polvo premezcla, SIN TACC",4,Cereals (without rice),prefix_A_default_cereals,TRUE
A113,Bollitos de anís,3,Cereals (without rice),prefix_A_default_cereals,TRUE
A236,Brownie (panadería),3,Baked products,prefix_A_baked_keyword,TRUE
A114,Budín industrializado,4,Cereals (without rice),prefix_A_default_cereals,TRUE
A234,"Budín industrializado con nueces, tipo navideño",4,Cereals (without rice),prefix_A_default_cereals,TRUE
A115,"Capelettis / capelettinis deshidratados, envasados",4,Cereals (without rice),prefix_A_default_cereals,TRUE
A011,"Capelettis frescos, artesanal",3,Cereals (without rice),prefix_A_default_cereals,TRUE
A074,"Cereal desayuno, aritos frutales",4,Cereals (without rice),prefix_A_default_cereals,TRUE
A182,"Cereal desayuno, aritos sabor miel",4,Cereals (without rice),prefix_A_default_cereals,TRUE
A194,"Cereal desayuno, bolitas de chocolate",4,Cereals (without rice),prefix_A_default_cereals,TRUE
A075,"Cereal desayuno, copos de maíz sin azúcar, sin fortificar",4,Cereals (without rice),prefix_A_default_cereals,TRUE
A116,Cereal infantil para papilla,4,Cereals (without rice),prefix_A_default_cereals,TRUE
A248,Cheesecake (panadería / confitería),3,Baked products,prefix_A_baked_keyword,TRUE
A013,Chipá,3,Cereals (without rice),prefix_A_default_cereals,TRUE
A120,Chipá preparado a partir de polvo premezcla,4,Cereals (without rice),prefix_A_default_cereals,TRUE
A216,"Chipaco o pan con chicharrón, comprado",3,Baked products,prefix_A_baked_keyword,TRUE
A076,Choclo,1,Cereals (without rice),prefix_A_default_cereals,TRUE
A176,"Choclo, congelado en grano",3,Cereals (without rice),prefix_A_default_cereals,TRUE
A078,"Choclo, enlatado cremoso",3,Cereals (without rice),prefix_A_default_cereals,TRUE
A077,"Choclo, enlatado en grano",3,Cereals (without rice),prefix_A_default_cereals,TRUE
A014,Churros,3,Baked products,prefix_A_baked_keyword,TRUE
A180,"Cereal desayuno, copos de cereal integral (arroz y maíz), fortificados",4,Rice,prefix_A_rice_keyword,TRUE
A012,"Cereal desayuno, copos azucarados, sin fortificar",4,Cereals (without rice),prefix_A_default_cereals,TRUE
A117,"Cereal desayuno, copos azucarados, fortificados",4,Cereals (without rice),prefix_A_default_cereals,TRUE
A204,Coquitos (panadería),3,Baked products,prefix_A_baked_keyword,TRUE
A118,Cous Cous,4,Cereals (without rice),prefix_A_default_cereals,TRUE
A119,Cucurucho / cubanito,3,Cereals (without rice),prefix_A_default_cereals,TRUE
A250,Empanaditas chinas (restaurant),3,Baked products,prefix_A_baked_keyword,TRUE
A015,Facturas rellenas,3,Baked products,prefix_A_baked_keyword,TRUE
A016,Facturas simples,3,Baked products,prefix_A_baked_keyword,TRUE
A192,"Farofa tradicional, harina de mandioca condimentada, envasada lista para",2,Cereals (without rice),prefix_A_default_cereals,TRUE
A207,"Fideos de arroz, SIN TACC",4,Rice,prefix_A_rice_keyword,TRUE
A017,"Fideos frescos, al huevo",3,Pasta,prefix_A_pasta_keyword,TRUE
A018,Fideos secos,3,Pasta,prefix_A_pasta_keyword,TRUE
A121,"Fideos secos, fortificados",3,Pasta,prefix_A_pasta_keyword,TRUE
A122,Fideos secos integrales / fideos secos de sémola y harina de legumbres,2,Pasta,prefix_A_pasta_keyword,TRUE
A201,Frangollo (maíz seco pisado),3,Cereals (without rice),prefix_A_default_cereals,TRUE
A064,Galleta de campo,4,Baked products,prefix_A_baked_keyword,TRUE
A206,Galleta de grasa con chicharrón,4,Baked products,prefix_A_baked_keyword,TRUE
A065,Galleta marinera,4,Baked products,prefix_A_baked_keyword,TRUE
A188,Galleta marinera con semillas / galletitas crackers con semillas,4,Nuts and seeds,prefix_A_nuts_keyword,TRUE
A253,Galleta marinera integral,4,Baked products,prefix_A_baked_keyword,TRUE
A203,"Galleta marinera, light en grasas",4,Baked products,prefix_A_baked_keyword,TRUE
A019,Galletas de arroz,4,Rice,prefix_A_rice_keyword,TRUE
A185,Galletas de arroz horneadas tipo snack varios sabores,4,Rice,prefix_A_rice_keyword,TRUE
A123,Galletas de arroz sin sal,4,Rice,prefix_A_rice_keyword,TRUE
A067,Galletitas integrales sin sal,4,Baked products,prefix_A_baked_keyword,TRUE
A186,Galletitas dulces con centro de membrillo o similar (tipo Pepas),4,Baked products,prefix_A_baked_keyword,TRUE
A181,Galletitas dulces con chips de chocolate,4,Baked products,prefix_A_baked_keyword,TRUE
A220,Galletitas dulces hojaldradas,4,Baked products,prefix_A_baked_keyword,TRUE
A023,Galletitas dulces rellenas,4,Baked products,prefix_A_baked_keyword,TRUE
A211,Galletitas dulces rellenas bañadas en chocolate,4,Baked products,prefix_A_baked_keyword,TRUE
A024,Galletitas dulces simples,4,Baked products,prefix_A_baked_keyword,TRUE
A205,"Galletitas dulces sin azúcar agregada, con edulcorante (dietética)",4,Baked products,prefix_A_baked_keyword,TRUE
A124,"Galletitas dulces, SIN TACC",4,Baked products,prefix_A_baked_keyword,TRUE
A177,Galletitas dulces de almidón de maíz (tapita de alfajor),4,Baked products,prefix_A_baked_keyword,TRUE
A125,Galletitas dulces tipo Frutigran,4,Baked products,prefix_A_baked_keyword,TRUE
A068,Galletitas dulces obleas,4,Baked products,prefix_A_baked_keyword,TRUE
A020,"Galletitas de agua, PROMEDIO",4,Baked products,prefix_A_baked_keyword,TRUE
A066,Galletitas de agua sin sal,4,Baked products,prefix_A_baked_keyword,TRUE
A258,Galletitas de agua sin sal con chía y lino,4,Baked products,prefix_A_baked_keyword,TRUE
A127,Galletitas de agua con girasol alto oleico,4,Baked products,prefix_A_baked_keyword,TRUE
A021,Galletitas de agua con grasa vacuna,4,Baked products,prefix_A_baked_keyword,TRUE
A247,Galletitas de agua light,4,Baked products,prefix_A_baked_keyword,TRUE
A022,Galletitas de salvado o integrales,4,Baked products,prefix_A_baked_keyword,TRUE
A126,Galletitas tipo copetín,4,Baked products,prefix_A_baked_keyword,TRUE
A198,Galletitas tipo talitas o fajitas,4,Baked products,prefix_A_baked_keyword,TRUE
A254,Galletitas de vainilla con chips de chocolate (panadería),4,Baked products,prefix_A_baked_keyword,TRUE
A025,Garbanzos,1,Legumes and pulses,prefix_A_legumes_keyword,TRUE
A128,"Garbanzos, enlatados",3,Legumes and pulses,prefix_A_legumes_keyword,TRUE
A129,Gérmen de trigo,3,Cereals (without rice),prefix_A_default_cereals,TRUE
A026,Granola,3,Cereals (without rice),prefix_A_default_cereals,TRUE
A069,Grisines,3,Baked products,prefix_A_baked_keyword,TRUE
A130,Grisines sin sal,2,Baked products,prefix_A_baked_keyword,TRUE
A244,"Guiso de lentejas (envasado, fortificado con vitaminas y minerales)",1,Legumes and pulses,prefix_A_legumes_keyword,TRUE
A260,Hamburguesa de quinoa envasada,4,Cereals (without rice),prefix_A_default_cereals,TRUE
A175,Hamburguesa de soja congelada,4,Legumes and pulses,prefix_A_legumes_keyword,TRUE
A027,Harina de algarrobo,2,Cereals (without rice),prefix_A_default_cereals,TRUE
A028,Harina de arroz,2,Rice,prefix_A_rice_keyword,TRUE
A029,Harina de cebada,2,Cereals (without rice),prefix_A_default_cereals,TRUE
A030,Harina de centeno,2,Cereals (without rice),prefix_A_default_cereals,TRUE
A212,Harina de chía,2,Cereals (without rice),prefix_A_default_cereals,TRUE
A131,Harina de garbanzos,1,Legumes and pulses,prefix_A_legumes_keyword,TRUE
A031,Harina de maíz,2,Cereals (without rice),prefix_A_default_cereals,TRUE
A070,Harina de quinoa,2,Cereals (without rice),prefix_A_default_cereals,TRUE
A032,Harina de soja,2,Legumes and pulses,prefix_A_legumes_keyword,TRUE
A033,Harina de trigo,2,Cereals (without rice),prefix_A_default_cereals,TRUE
A202,Harina de trigo con levadura para pizza,4,Baked products,prefix_A_baked_keyword,TRUE
A132,Harina de trigo fortificada,2,Cereals (without rice),prefix_A_default_cereals,TRUE
A034,Harina de trigo integral,2,Cereals (without rice),prefix_A_default_cereals,TRUE
A133,Harina leudante,4,Cereals (without rice),prefix_A_default_cereals,TRUE
A035,Lentejas,1,Legumes and pulses,prefix_A_legumes_keyword,TRUE
A134,"Lentejas, enlatadas",3,Legumes and pulses,prefix_A_legumes_keyword,TRUE
A259,Milanesa de lentejas (dietética),1,Legumes and pulses,prefix_A_legumes_keyword,TRUE
A178,Levadura en polvo,2,Cereals (without rice),prefix_A_default_cereals,TRUE
A179,Levadura fresca,2,Cereals (without rice),prefix_A_default_cereals,TRUE
A135,Madalenas,4,Cereals (without rice),prefix_A_default_cereals,TRUE
A187,Madalenas rellenas,4,Cereals (without rice),prefix_A_default_cereals,TRUE
A136,Madalenas fortificadas,4,Cereals (without rice),prefix_A_default_cereals,TRUE
A036,"Maíz, grano entero",1,Cereals (without rice),prefix_A_default_cereals,TRUE
A197,"Masa de pizza, preparada a partir de polvo premezcla",4,Baked products,prefix_A_baked_keyword,TRUE
A138,"Masa de pizza, preparada a partir de polvo premezcla, SIN TACC",4,Baked products,prefix_A_baked_keyword,TRUE
A038,Masa de prepizza de panadería o envasada,4,Baked products,prefix_A_baked_keyword,TRUE
A037,Masa de tarta o empanadas,3,Baked products,prefix_A_baked_keyword,TRUE
A139,Masa de tarta o empanadas light,4,Baked products,prefix_A_baked_keyword,TRUE
A252,"Masa de tarta o empanada, integral",3,Baked products,prefix_A_baked_keyword,TRUE
A218,"Masa de tarta, SIN TACC",3,Baked products,prefix_A_baked_keyword,TRUE
A242,Masas finas surtidas (panadería / confitería),3,Baked products,prefix_A_baked_keyword,TRUE
A232,Masas secas surtidas (panadería / confitería),3,Baked products,prefix_A_baked_keyword,TRUE
A217,Muffins veganos,4,Cereals (without rice),prefix_A_default_cereals,TRUE
A233,Ñoquis de espinaca envasados,4,Pasta,prefix_A_pasta_keyword,TRUE
A039,"Ñoquis de papa frescos, artesanal",3,Pasta,prefix_A_pasta_keyword,TRUE
A140,"Ñoquis de papa, envasados",1,Pasta,prefix_A_pasta_keyword,TRUE
A171,Ñoquis preparados a partir de polvo premezcla,4,Pasta,prefix_A_pasta_keyword,TRUE
A172,"Ñoquis preparados a partir de polvo premezcla, SIN TACC",4,Pasta,prefix_A_pasta_keyword,TRUE
A241,Panko (pan rallado japonés),3,Baked products,prefix_A_baked_keyword,TRUE
A071,Pan árabe,3,Baked products,prefix_A_baked_keyword,TRUE
A215,"Pan cacho (tipo pan casero de campo, sin grasa)",2,Baked products,prefix_A_baked_keyword,TRUE
A240,"Pan con grasa (tipo pan ""cordero"")",2,Baked products,prefix_A_baked_keyword,TRUE
A072,Pan criollo / semita / tortillas / bollos / harinitas,3,Baked products,prefix_A_baked_keyword,TRUE
A040,Pan de centeno,3,Baked products,prefix_A_baked_keyword,TRUE
A042,Pan de gluten,3,Baked products,prefix_A_baked_keyword,TRUE
A043,Pan de maíz,3,Baked products,prefix_A_baked_keyword,TRUE
A044,Pan de miga,3,Baked products,prefix_A_baked_keyword,TRUE
A048,Pan de molde con salvado,4,Baked products,prefix_A_baked_keyword,TRUE
A045,Pan de salvado,2,Baked products,prefix_A_baked_keyword,TRUE
A184,Pan de salvado con semillas,2,Nuts and seeds,prefix_A_nuts_keyword,TRUE
A141,Pan de molde con salvado sin sal,4,Baked products,prefix_A_baked_keyword,TRUE
A246,Pan de salvado sin sal (panadería),2,Baked products,prefix_A_baked_keyword,TRUE
A046,Pan de viena,3,Baked products,prefix_A_baked_keyword,TRUE
A142,Pan dulce,3,Baked products,prefix_A_baked_keyword,TRUE
A041,Pan francés o pan casero sin agregado de grasa o aceite,2,Baked products,prefix_A_baked_keyword,TRUE
A245,Pan francés sin sal,2,Baked products,prefix_A_baked_keyword,TRUE
A047,"Pan blanco, tipo molde, lacteado",3,Baked products,prefix_A_baked_keyword,TRUE
A237,"Pan lactal, SIN TACC",4,Baked products,prefix_A_baked_keyword,TRUE
A049,Pan negro sin levadura,2,Baked products,prefix_A_baked_keyword,TRUE
A143,"Pan para panchos o hamburguesas, envasado",4,Baked products,prefix_A_baked_keyword,TRUE
A231,"Pan paraguayo / galleta paraguaya (bollitos con levadura, harina, grasa o",4,Baked products,prefix_A_baked_keyword,TRUE
A050,Pan rallado,3,Baked products,prefix_A_baked_keyword,TRUE
A226,"Pan rallado, SIN TACC",3,Baked products,prefix_A_baked_keyword,TRUE
A144,"Pan rallado, fortificado",4,Baked products,prefix_A_baked_keyword,TRUE
A169,Pan figacita de manteca,2,Baked products,prefix_A_baked_keyword,TRUE
A079,Papa,3,Cereals (without rice),prefix_A_default_cereals,TRUE
A153,"Papa, croquetas u otro preformado de papa rebozado, prefrito, congelado",3,Cereals (without rice),prefix_A_default_cereals,TRUE
A152,"Papa, puré instantáneo (polvo)*",4,Cereals (without rice),prefix_A_default_cereals,TRUE
A145,Papas prefritas congeladas envasadas,4,Cereals (without rice),prefix_A_default_cereals,TRUE
A146,"Pastas secas, SIN TACC",3,Pasta,prefix_A_pasta_keyword,TRUE
A249,Pastelitos rellenos de dulce de membrillo o batata (panadería / confitería),3,Baked products,prefix_A_baked_keyword,TRUE
A147,Patay,3,Cereals (without rice),prefix_A_default_cereals,TRUE
A148,Pionono,3,Cereals (without rice),prefix_A_default_cereals,TRUE
A149,Pochoclo acaramelado,1,Cereals (without rice),prefix_A_default_cereals,TRUE
A150,Pochoclo salado,1,Cereals (without rice),prefix_A_default_cereals,TRUE
A190,Polvo de hornear,2,Cereals (without rice),prefix_A_default_cereals,TRUE
A189,Polvo para preparar brownie*,4,Cereals (without rice),prefix_A_default_cereals,TRUE
A051,Porotos,1,Legumes and pulses,prefix_A_legumes_keyword,TRUE
A052,"Soja, porotos",1,Legumes and pulses,prefix_A_legumes_keyword,TRUE
A151,"Porotos, enlatados",3,Legumes and pulses,prefix_A_legumes_keyword,TRUE
A165,"Milanesa de arroz, prefrita",4,Rice,prefix_A_rice_keyword,TRUE
A164,"Milanesa de soja, prefrita",4,Legumes and pulses,prefix_A_legumes_keyword,TRUE
A213,"Premezcla para panificados, pastas y postres, SIN TACC",4,Pasta,prefix_A_pasta_keyword,TRUE
A256,"Premezcla para bizcochuelo, SIN TACC",4,Cereals (without rice),prefix_A_default_cereals,TRUE
A154,Puflito,3,Cereals (without rice),prefix_A_default_cereals,TRUE
A155,Quinoa inflada,4,Cereals (without rice),prefix_A_default_cereals,TRUE
A053,"Quinoa, semilla",1,Nuts and seeds,prefix_A_nuts_keyword,TRUE
A157,"Ravioles deshidratados, envasados",4,Pasta,prefix_A_pasta_keyword,TRUE
A225,"Ravioles frescos, artesanal, SIN TACC",3,Pasta,prefix_A_pasta_keyword,TRUE
A054,"Ravioles frescos, artesanal",3,Pasta,prefix_A_pasta_keyword,TRUE
A156,"Ravioles frescos, envasados",4,Pasta,prefix_A_pasta_keyword,TRUE
A223,Rosca de pascuas (panadería / confitería),3,Baked products,prefix_A_baked_keyword,TRUE
A243,Rosquete,3,Cereals (without rice),prefix_A_default_cereals,TRUE
A210,Rosquita tipo Doughtnut,3,Baked products,prefix_A_baked_keyword,TRUE
A227,Rosquita tipo Doughtnut bañada en chocolate,4,Baked products,prefix_A_baked_keyword,TRUE
A219,Rosquita tipo Doughtnut de chocolate,4,Baked products,prefix_A_baked_keyword,TRUE
A209,Rosquito de vino (cuyano),3,Cereals (without rice),prefix_A_default_cereals,TRUE
A055,Salvado de avena,1,Cereals (without rice),prefix_A_default_cereals,TRUE
A056,Salvado de trigo,1,Cereals (without rice),prefix_A_default_cereals,TRUE
A057,"Cereal desayuno, salvado de trigo tipo bastoncitos",4,Cereals (without rice),prefix_A_default_cereals,TRUE
A196,Scones (panadería / confitería),3,Baked products,prefix_A_baked_keyword,TRUE
A214,"Seitán, sucedáneo de carne a base de gluten de trigo",4,Cereals (without rice),prefix_A_default_cereals,TRUE
A058,Sémola,2,Cereals (without rice),prefix_A_default_cereals,TRUE
A195,Sémola fortificada,2,Cereals (without rice),prefix_A_default_cereals,TRUE
A170,Soja texturizada,4,Legumes and pulses,prefix_A_legumes_keyword,TRUE
A200,"Sorrentinos frescos, artesanal",3,Pasta,prefix_A_pasta_keyword,TRUE
A183,"Sushi, PROMEDIO",3,Cereals (without rice),prefix_A_default_cereals,TRUE
A222,"Tapas para lasagna, pasta seca",3,Pasta,prefix_A_pasta_keyword,TRUE
A059,Tapioca (almidón de mandioca),2,Cereals (without rice),prefix_A_default_cereals,TRUE
A168,Tofu,1,Cereals (without rice),prefix_A_default_cereals,TRUE
A238,Torta de coco (panadería),3,Baked products,prefix_A_baked_keyword,TRUE
A224,"Torta de cumpleaños (masa, relleno y cobertura). Comprada lista para consumir,",4,Baked products,prefix_A_baked_keyword,TRUE
A251,Torta de manzana (panadería),3,Baked products,prefix_A_baked_keyword,TRUE
A235,Torta de ricotta (panadería),3,Baked products,prefix_A_baked_keyword,TRUE
A062,Torta frita,3,Baked products,prefix_A_baked_keyword,TRUE
A228,Torta mil hojas,3,Baked products,prefix_A_baked_keyword,TRUE
A208,"Tortillas de trigo, envasadas",4,Cereals (without rice),prefix_A_default_cereals,TRUE
A158,Tortitas Jachaleras,3,Cereals (without rice),prefix_A_default_cereals,TRUE
A159,Tostadas de gluten,3,Cereals (without rice),prefix_A_default_cereals,TRUE
A160,Tostadas de mesa,3,Cereals (without rice),prefix_A_default_cereals,TRUE
A161,Tostadas integrales,3,Cereals (without rice),prefix_A_default_cereals,TRUE
A162,Tostadas light,4,Cereals (without rice),prefix_A_default_cereals,TRUE
A163,Tostadas sin sal,2,Cereals (without rice),prefix_A_default_cereals,TRUE
A221,"Tostaditas saladas, saborizadas, producto tipo copetín",4,Cereals (without rice),prefix_A_default_cereals,TRUE
A239,Trigo burgol,3,Cereals (without rice),prefix_A_default_cereals,TRUE
A060,"Trigo, grano entero",1,Cereals (without rice),prefix_A_default_cereals,TRUE
A230,Trigo inflado azucarado,4,Cereals (without rice),prefix_A_default_cereals,TRUE
A199,Triguillo,3,Cereals (without rice),prefix_A_default_cereals,TRUE
A173,Turrón de maní con oblea tipo golosina,4,Nuts and seeds,prefix_A_nuts_keyword,TRUE
A174,Turrón tipo navideño,3,Cereals (without rice),prefix_A_default_cereals,TRUE
A166,Tutuca,4,Cereals (without rice),prefix_A_default_cereals,TRUE
A061,Vainillas,3,Cereals (without rice),prefix_A_default_cereals,TRUE
L065,"Alimento a base de leche entera y café, fortificado con calcio, varios sabores,",4,Dairy products,prefix_L,TRUE
L044,"Leche chocolatada en polvo, fortificada, para desayunos escolares*",4,Dairy products,prefix_L,TRUE
L001,"Leche parcialmente descremada, sabor chocolate o dulce de leche, fortificada",1,Dairy products,prefix_L,TRUE
L034,Leche condensada,3,Dairy products,prefix_L,TRUE
L002,"Leche de cabra, entera, fluida",1,Dairy products,prefix_L,TRUE
L070,"Leche de cabra, entera, en polvo*",1,Dairy products,prefix_L,TRUE
L003,"Leche de oveja, entera, fluida",1,Dairy products,prefix_L,TRUE
L067,"Leche de vaca, ordeñada (sin ningún tipo de procesamiento)",1,Dairy products,prefix_L,TRUE
L008,"Leche descremada en polvo, fortificada con vitaminas A y D*",1,Dairy products,prefix_L,TRUE
L069,"Leche descremada en polvo, tipo Nido Buen Día, fortificada con hierro y",4,Dairy products,prefix_L,TRUE
L060,más de proteínas,1,Dairy products,prefix_L,TRUE
L045,"menos de grasas saturadas, fortificada con vitaminas A,",2,Dairy products,prefix_L,TRUE
L041,"Leche semidescremada en polvo, deslactosada*",1,Dairy products,prefix_L,TRUE
L039,"Leche entera fluida, con azúcar, lista para consumir",1,Dairy products,prefix_L,TRUE
L055,Leche entera en polvo tipo Nido Fortigrow*,4,Dairy products,prefix_L,TRUE
L046,"Leche entera en polvo, fortificada con vitaminas A y D, para desayunos",1,Dairy products,prefix_L,TRUE
L047,"Leche entera en polvo, fortificada con vitaminas A y D*",1,Dairy products,prefix_L,TRUE
L043,"As., fortificada con vitaminas A y D*",1,Dairy products,prefix_L,TRUE
L033,"fortificada con hierro, zinc y ác. ascórbico*",1,Dairy products,prefix_L,TRUE
L009,"Leche entera en polvo, deslactosada, fortificada con vitaminas A y D*",1,Dairy products,prefix_L,TRUE
L019,"Leche entera en polvo, fortificada con hierro*",1,Dairy products,prefix_L,TRUE
L032,"Leche entera en polvo, Plan Materno Infantil, sin fortificación*",1,Dairy products,prefix_L,TRUE
L010,"Leche entera en polvo, sin fortificación*",1,Dairy products,prefix_L,TRUE
L020,"Leche entera fluida, fortificada con hierro",1,Dairy products,prefix_L,TRUE
L007,"Leche entera fluida, con vitaminas A y D",1,Dairy products,prefix_L,TRUE
L048,"Leche entera fluida, fortificada con vitaminas A, D y B9",1,Dairy products,prefix_L,TRUE
L011,"Leche entera fluida, deslactosada, fortificada con vitaminas A y D",1,Dairy products,prefix_L,TRUE
L054,"Leche entera fluida, fortificada con vitaminas A, D, C, B9 y extra calcio",1,Dairy products,prefix_L,TRUE
L066,"Leche entera fluida, con CLA, fortificada con vitaminas A y D",1,Dairy products,prefix_L,TRUE
L006,"Leche entera fluida, sin fortificación",1,Dairy products,prefix_L,TRUE
L053,"3, fortificada con calcio y vitaminas A, D y E",1,Dairy products,prefix_L,TRUE
L057,"triglicéridos de cadena media, DHA/GLA y sin lactosa, para alergia a la",1,Dairy products,prefix_L,TRUE
L059,"Leche fórmula, tipo Enfabebe Confort, en polvo*",4,Dairy products,prefix_L,TRUE
L056,"Leche fórmula, tipo GA1 Anamix Infant, en polvo*",4,Dairy products,prefix_L,TRUE
L058,"Leche fórmula, tipo Nutrilon Pepti junior HE, en polvo*",4,Dairy products,prefix_L,TRUE
L042,"Leche fórmula antireflujo, en polvo*",4,Dairy products,prefix_L,TRUE
L063,"Leche fórmula 0-12 meses, hipoalergénica, tipo Nutrilón HA, NAN HA, en",4,Dairy products,prefix_L,TRUE
L062,"Leche fórmula 0-12 meses, sin lactosa, en polvo*",4,Dairy products,prefix_L,TRUE
L035,"Leche fórmula etapa 3, en polvo*",4,Dairy products,prefix_L,TRUE
L061,"Leche fórmula etapa 3, sin lactosa, en polvo*",4,Dairy products,prefix_L,TRUE
L036,"Leche fórmula etapa 3, fluida",4,Dairy products,prefix_L,TRUE
L037,"Leche fórmula etapa 4, en polvo*",4,Dairy products,prefix_L,TRUE
L038,"Leche fórmula etapa 4, fluida",4,Dairy products,prefix_L,TRUE
L022,"Leche fórmula inicio, en polvo*",4,Dairy products,prefix_L,TRUE
L024,"Leche fórmula inicio, fluida",4,Dairy products,prefix_L,TRUE
L049,"Leche fórmula para prematuros etapa 1, en polvo*",4,Dairy products,prefix_L,TRUE
L050,"Leche fórmula para prematuros etapa 1, fluida",4,Dairy products,prefix_L,TRUE
L051,"Leche fórmula para prematuros etapa 2, en polvo*",4,Dairy products,prefix_L,TRUE
L052,"Leche fórmula para prematuros etapa 2, fluida",4,Dairy products,prefix_L,TRUE
L023,"Leche fórmula seguimiento, en polvo*",4,Dairy products,prefix_L,TRUE
L025,"Leche fórmula seguimiento, fluida",4,Dairy products,prefix_L,TRUE
L064,"Leche seguimiento etapa 3, sabor vainilla",1,Dairy products,prefix_L,TRUE
L040,Leche materna,1,Dairy products,prefix_L,TRUE
L030,"Leche parcialmente descremada fluida, fortificada con vitaminas A, D, C y ác.",1,Dairy products,prefix_L,TRUE
L031,"Leche parcialmente descremada fluida, fortificada con hierro",1,Dairy products,prefix_L,TRUE
L005,"Leche parcialmente descremada fluida, fortificada con vitaminas A y D",1,Dairy products,prefix_L,TRUE
L004,"Leche parcialmente descremada fluida, sin fortificación",1,Dairy products,prefix_L,TRUE
L012,"Leche parcialmente descremada fluida, deslactosada, fortificada con vitaminas",1,Dairy products,prefix_L,TRUE
L068,"vitaminas A, D, B2, B9 y zinc",1,Dairy products,prefix_L,TRUE
L017,Probióticos descremados,1,Dairy products,prefix_L,TRUE
L018,Probióticos enteros,1,Dairy products,prefix_L,TRUE
Y019,"Bebida láctea a base de agua, yogurt, azúcar y saborizantes",4,Dairy products,prefix_Y,TRUE
Y007,Flan envasado listo para consumir light,4,Dairy products,prefix_Y,TRUE
Y006,Flan envasado listo para consumir,4,Dairy products,prefix_Y,TRUE
L013,Postre de leche bebible infantil,4,Dairy products,prefix_L,TRUE
L015,Postre de leche listo para consumir light,4,Dairy products,prefix_L,TRUE
L016,Postre de leche listo para consumir tipo Danonino,4,Dairy products,prefix_L,TRUE
L014,Postre de leche listo para consumir tipo Serenito,4,Dairy products,prefix_L,TRUE
Y014,Yogur con fitoesteroles,4,Dairy products,prefix_Y,TRUE
Y003,Yogur descremado,4,Dairy products,prefix_Y,TRUE
Y005,Yogur descremado bebible,4,Dairy products,prefix_Y,TRUE
Y012,Yogur descremado con cereales,4,Dairy products,prefix_Y,TRUE
Y013,Yogur descremado con frutas,4,Dairy products,prefix_Y,TRUE
Y017,Yogur descremado con frutas y cereales,4,Dairy products,prefix_Y,TRUE
Y004,Yogur entero bebible saborizado,4,Dairy products,prefix_Y,TRUE
Y010,Yogur entero con cereales,4,Dairy products,prefix_Y,TRUE
Y011,Yogur entero con frutas,4,Dairy products,prefix_Y,TRUE
Y018,Yogur entero con frutas y cereales,4,Dairy products,prefix_Y,TRUE
Y001,Yogur entero natural,1,Dairy products,prefix_Y,TRUE
Y002,Yogur entero saborizado,4,Dairy products,prefix_Y,TRUE
Y015,Yogur descremado fortificado con calcio,4,Dairy products,prefix_Y,TRUE
Y016,Yogur fortificado con hierro,4,Dairy products,prefix_Y,TRUE
Q033,"Adherezo deshidratado a base de queso Reggianito, sémola y almidones",3,Dairy products,prefix_Q,TRUE
Q043,Muzzarella rebozada prefrita,3,Dairy products,prefix_Q,TRUE
Q048,Muzzarella rebozada sin freir (pollería o granja),3,Dairy products,prefix_Q,TRUE
Q049,"Quesillo (preparación regional, queso amasado artesanal)",3,Dairy products,prefix_Q,TRUE
Q022,Queso Azul,3,Dairy products,prefix_Q,TRUE
Q003,"Queso blanco descremado, untable",3,Dairy products,prefix_Q,TRUE
Q002,"Queso blanco semidescremado, untable",3,Dairy products,prefix_Q,TRUE
Q042,Queso Cheddar,3,Dairy products,prefix_Q,TRUE
Q023,Queso Chubut,3,Dairy products,prefix_Q,TRUE
Q001,"Queso crema entero, untable",3,Dairy products,prefix_Q,TRUE
Q050,Queso Cremoso,3,Dairy products,prefix_Q,TRUE
Q017,Queso Cuartirolo,3,Dairy products,prefix_Q,TRUE
Q045,Queso de cabra,3,Dairy products,prefix_Q,TRUE
Q021,Queso de máquina,3,Dairy products,prefix_Q,TRUE
Q052,Queso de vaca criollo,3,Dairy products,prefix_Q,TRUE
Q034,Queso en hebras,3,Dairy products,prefix_Q,TRUE
Q035,Queso en hebras light,4,Dairy products,prefix_Q,TRUE
Q024,Queso Fontina,3,Dairy products,prefix_Q,TRUE
Q051,Queso Fontina fundido light,4,Dairy products,prefix_Q,TRUE
Q047,Queso fresco sin sal,2,Dairy products,prefix_Q,TRUE
Q005,Queso fundido,3,Dairy products,prefix_Q,TRUE
Q036,Queso Goya,3,Dairy products,prefix_Q,TRUE
Q025,Queso Gruyére,3,Dairy products,prefix_Q,TRUE
Q026,Queso Holanda,3,Dairy products,prefix_Q,TRUE
Q018,Queso Limburguer,3,Dairy products,prefix_Q,TRUE
Q027,Queso Mar del Plata,3,Dairy products,prefix_Q,TRUE
Q028,Queso Pategrás,3,Dairy products,prefix_Q,TRUE
Q044,Queso Mascarpone,3,Dairy products,prefix_Q,TRUE
Q019,Queso Muzzarella,3,Dairy products,prefix_Q,TRUE
Q037,Queso Parmesano,3,Dairy products,prefix_Q,TRUE
Q015,Queso pasta blanda descremado,3,Dairy products,prefix_Q,TRUE
Q016,Queso pasta blanda doble crema,3,Dairy products,prefix_Q,TRUE
Q006,muzzarella),3,Dairy products,prefix_Q,TRUE
Q008,"Sardo, Sbrinz)",3,Dairy products,prefix_Q,TRUE
Q007,"Holanda, Mar del Plata, Pategrás, Queso de máquina, Roquefort, Taif, Tandil)",3,Dairy products,prefix_Q,TRUE
Q046,Queso porsalut sin sal light,4,Dairy products,prefix_Q,TRUE
Q038,Queso Provolone,3,Dairy products,prefix_Q,TRUE
Q032,Queso rallado envasado,3,Dairy products,prefix_Q,TRUE
Q039,Queso Reggianito,3,Dairy products,prefix_Q,TRUE
Q029,Queso Roquefort,3,Dairy products,prefix_Q,TRUE
Q040,Queso Sardo,3,Dairy products,prefix_Q,TRUE
Q041,Queso Sbrinz,3,Dairy products,prefix_Q,TRUE
Q030,Queso Taif,3,Dairy products,prefix_Q,TRUE
Q031,Queso Tandil,3,Dairy products,prefix_Q,TRUE
Q000,"Queso untable, PROMEDIO",3,Dairy products,prefix_Q,TRUE
Q013,Queso untable tipo Finlandia,3,Dairy products,prefix_Q,TRUE
Q014,Queso untable tipo Finlandia light,4,Dairy products,prefix_Q,TRUE
Q011,Queso untable tipo Tholem,3,Dairy products,prefix_Q,TRUE
Q012,Queso untable tipo Tholem light,4,Dairy products,prefix_Q,TRUE
Q020,Quesos de pasta semidura descremados,3,Dairy products,prefix_Q,TRUE
Q004,Ricota,3,Dairy products,prefix_Q,TRUE
Q010,Ricota descremada,3,Dairy products,prefix_Q,TRUE
C078,Aguja,1,Beef,prefix_C_default_beef,TRUE
C076,Asado con hueso***,1,Beef,prefix_C_default_beef,TRUE
C075,Asado sin hueso***,1,Beef,prefix_C_default_beef,TRUE
C089,Bife angosto con hueso***,1,Beef,prefix_C_default_beef,TRUE
C088,Bife angosto sin hueso***,1,Beef,prefix_C_default_beef,TRUE
C082,Bola de lomo,1,Beef,prefix_C_default_beef,TRUE
C094,Bondiola (fiambre),4,Pork,prefix_C_pork_processed,TRUE
C123,Butifarra,1,Beef,prefix_C_default_beef,TRUE
C001,Cabra,1,Lamb and mutton,prefix_C_lamb_keyword,TRUE
C121,Cantimpalo (fiambre),4,Pork,prefix_C_pork_processed,TRUE
C109,Caracú,1,Beef,prefix_C_default_beef,TRUE
C073,Carne picada común,1,Beef,prefix_C_default_beef,TRUE
C074,Carne picada especial,1,Beef,prefix_C_default_beef,TRUE
C050,Carpincho,1,Other meats,prefix_C_game_keyword,TRUE
C100,Cerdo bondiola,3,Pork,prefix_C_pork_keyword,TRUE
C099,"Cerdo costillar tipo ""ribs""",1,Pork,prefix_C_pork_keyword,TRUE
C098,Cerdo costillita,1,Pork,prefix_C_pork_keyword,TRUE
C104,Cerdo jamón (corte de carne),4,Pork,prefix_C_pork_keyword,TRUE
C101,Cerdo matambre,1,Pork,prefix_C_pork_keyword,TRUE
C105,Cerdo paleta (corte de carne),1,Pork,prefix_C_pork_keyword,TRUE
C102,Cerdo pechito,1,Pork,prefix_C_pork_keyword,TRUE
C002,"Cerdo, PROMEDIO",1,Pork,prefix_C_pork_keyword,TRUE
C115,"Cerdo, patas, patitas",1,Pork,prefix_C_pork_keyword,TRUE
C064,Charata (ave),1,Poultry,prefix_C_poultry_keyword,TRUE
C038,Charqui de cordero o chalona,3,Lamb and mutton,prefix_C_lamb_keyword,TRUE
C037,Charqui de vaca,3,Beef,prefix_C_default_beef,TRUE
C007,"Chinchulines, tripa gorda",1,Beef,prefix_C_default_beef,TRUE
C110,Chivito,1,Lamb and mutton,prefix_C_lamb_keyword,TRUE
C129,"Chivito, cabeza",1,Lamb and mutton,prefix_C_lamb_keyword,TRUE
C003,Chorizo,4,Pork,prefix_C_pork_processed,TRUE
C095,Chorizo seco,3,Pork,prefix_C_pork_processed,TRUE
C093,Colita de cuadril,1,Beef,prefix_C_default_beef,TRUE
C008,Conejo,1,Other meats,prefix_C_game_keyword,TRUE
C107,"Corazón, vacuno",1,Beef,prefix_C_default_beef,TRUE
C009,"Cordero, PROMEDIO",1,Lamb and mutton,prefix_C_lamb_keyword,TRUE
C084,Cuadrada,1,Beef,prefix_C_default_beef,TRUE
C092,Cuadril,1,Beef,prefix_C_default_beef,TRUE
C052,Cuerito de cerdo,1,Pork,prefix_C_pork_keyword,TRUE
C120,"Espinazo, vacuno",1,Beef,prefix_C_default_beef,TRUE
C079,Falda,1,Beef,prefix_C_default_beef,TRUE
C051,Fiambre de cerdo,4,Pork,prefix_C_pork_keyword,TRUE
C062,Garza,1,Beef,prefix_C_default_beef,TRUE
C111,"Guanaco, carne",1,Beef,prefix_C_default_beef,TRUE
C118,Hamburguesa de carne vacuna (carnicería),4,Beef,prefix_C_beef_processed,TRUE
C116,Hamburguesa de cerdo (carnicería),4,Pork,prefix_C_pork_keyword,TRUE
C113,Hamburguesa de pollo (pollería / granja),4,Poultry,prefix_C_poultry_keyword,TRUE
C011,"Hamburguesa de carne vacuna, industrializada",4,Beef,prefix_C_beef_processed,TRUE
C124,"Hamburguesa de carne vacuna, industrializada, rebozada",4,Beef,prefix_C_beef_processed,TRUE
C053,"Hamburguesa de carne vacuna, industrializada light",4,Beef,prefix_C_beef_processed,TRUE
C010,"Hamburguesa de pollo, industrializada",4,Poultry,prefix_C_poultry_keyword,TRUE
C012,Hígado,1,Beef,prefix_C_default_beef,TRUE
C122,Hígado de pollo,1,Poultry,prefix_C_poultry_keyword,TRUE
C103,Jabalí,1,Other meats,prefix_C_game_keyword,TRUE
C061,Jacaré,1,Beef,prefix_C_default_beef,TRUE
C004,Jamón cocido,4,Pork,prefix_C_pork_processed,TRUE
C005,Jamón crudo,3,Pork,prefix_C_pork_processed,TRUE
C065,Lampalagua (serpiente),1,Beef,prefix_C_default_beef,TRUE
C054,Leberwurst,1,Beef,prefix_C_default_beef,TRUE
C127,Liebre,1,Beef,prefix_C_default_beef,TRUE
C013,Lengua,1,Beef,prefix_C_default_beef,TRUE
C056,Lomito ahumado,1,Beef,prefix_C_default_beef,TRUE
C085,Lomo,1,Beef,prefix_C_default_beef,TRUE
C128,Llama,1,Lamb and mutton,prefix_C_lamb_keyword,TRUE
C055,Longaniza,3,Beef,prefix_C_default_beef,TRUE
C080,Matambre (corte de carne),1,Beef,prefix_C_beef_processed,TRUE
C057,Matambre (fiambre),4,Beef,prefix_C_beef_processed,TRUE
C114,"Medallón de pollo relleno de jamón y queso, prefrito congelado",3,Poultry,prefix_C_poultry_keyword,TRUE
C106,Milanesa de carne vacuna rebozada (carnicería),1,Beef,prefix_C_beef_processed,TRUE
C126,Milanesa de cerdo (carnicería),1,Pork,prefix_C_pork_keyword,TRUE
C068,Milanesa de pollo rebozada (pollería / granja),1,Poultry,prefix_C_poultry_keyword,TRUE
C069,"Milanesa de pollo, prefrita congelada",4,Poultry,prefix_C_poultry_keyword,TRUE
C014,Mollejas,1,Beef,prefix_C_default_beef,TRUE
C015,Mondongo,1,Beef,prefix_C_default_beef,TRUE
C016,Morcilla,1,Pork,prefix_C_pork_processed,TRUE
C017,Mortadela,4,Pork,prefix_C_pork_processed,TRUE
C081,Nalga,1,Beef,prefix_C_default_beef,TRUE
C070,Nuggets o patitas de pollo,4,Poultry,prefix_C_poultry_keyword,TRUE
C112,Nutria,1,Other meats,prefix_C_game_keyword,TRUE
C108,Osobuco,1,Beef,prefix_C_default_beef,TRUE
C087,Paleta (corte de carne),1,Pork,prefix_C_pork_processed,TRUE
C097,Paleta (fiambre),4,Pork,prefix_C_pork_processed,TRUE
C091,Palomita (corte de carne),1,Beef,prefix_C_default_beef,TRUE
C006,Panceta,1,Pork,prefix_C_pork_processed,TRUE
C058,Pastrón,3,Beef,prefix_C_default_beef,TRUE
C018,Paté / picadillo,1,Beef,prefix_C_beef_processed,TRUE
C019,Pato,1,Beef,prefix_C_default_beef,TRUE
C020,Pavo,1,Poultry,prefix_C_poultry_keyword,TRUE
C083,Peceto,1,Beef,prefix_C_default_beef,TRUE
C063,Perdiz,1,Beef,prefix_C_default_beef,TRUE
C021,Pollo con piel,1,Poultry,prefix_C_poultry_keyword,TRUE
C023,Pollo sin piel,1,Poultry,prefix_C_poultry_keyword,TRUE
C125,"Pollo, alitas",1,Poultry,prefix_C_poultry_keyword,TRUE
C022,"Pollo, menudos",1,Poultry,prefix_C_poultry_keyword,TRUE
C059,"Pollo, pechuga sin piel",1,Poultry,prefix_C_poultry_keyword,TRUE
C024,Queso de cerdo,3,Pork,prefix_C_pork_keyword,TRUE
C117,Rana,1,Beef,prefix_C_default_beef,TRUE
C025,Riñón,1,Beef,prefix_C_default_beef,TRUE
C086,Roast beef,1,Beef,prefix_C_default_beef,TRUE
C026,Salame,2,Pork,prefix_C_pork_processed,TRUE
C027,Salchicha de viena,4,Beef,prefix_C_beef_processed,TRUE
C066,Salchicha de viena light,4,Beef,prefix_C_beef_processed,TRUE
C028,Salchicha parrillera,4,Beef,prefix_C_beef_processed,TRUE
C119,Salchicha rellena con cheddar,4,Beef,prefix_C_beef_processed,TRUE
C067,Salchichón,2,Pork,prefix_C_pork_processed,TRUE
C029,Sesos,1,Beef,prefix_C_default_beef,TRUE
C071,"Suprema de pollo con espinaca y queso, prefrita congelada",4,Poultry,prefix_C_poultry_keyword,TRUE
C072,"Suprema de pollo con jamón y queso, prefrita congelada",4,Poultry,prefix_C_poultry_keyword,TRUE
C096,Tatú,1,Beef,prefix_C_default_beef,TRUE
C090,Tortuguita,1,Beef,prefix_C_default_beef,TRUE
C030,Ubre,1,Beef,prefix_C_default_beef,TRUE
C077,Vacío,1,Beef,prefix_C_default_beef,TRUE
C032,"Vacuno, cortes grasos, con hueso (ej: asado), PROMEDIO",1,Beef,prefix_C_default_beef,TRUE
C031,"Vacuno, cortes grasos, sin hueso (ej: vacío, carne picada común, aguja, falda, alita,",1,Beef,prefix_C_default_beef,TRUE
C033,"intensamente desgrasada), PROMEDIO",2,Beef,prefix_C_default_beef,TRUE
C034,"Vacuno, cortes magros, con hueso, PROMEDIO",1,Beef,prefix_C_default_beef,TRUE
C036,"Vacuno, cortes semigrasos, con hueso (ej: bife angosto), PROMEDIO",1,Beef,prefix_C_default_beef,TRUE
C035,"paleta, bife angosto, tortuguita, palomita), PROMEDIO",1,Pork,prefix_C_pork_processed,TRUE
C060,Vizcacha,1,Other meats,prefix_C_game_keyword,TRUE
H001,"Huevo de gallina, entero",1,Eggs,prefix_H,TRUE
H002,"Huevo de gallina, clara",1,Eggs,prefix_H,TRUE
H003,"Huevo de gallina, yema",1,Eggs,prefix_H,TRUE
H004,"Huevo de codorníz, entero",1,Eggs,prefix_H,TRUE
P029,Abadejo,1,Fish and seafood,prefix_P,TRUE
P042,Almeja,1,Fish and seafood,prefix_P,TRUE
P010,"Anchoa, enlatada en aceite",2,Fish and seafood,prefix_P,TRUE
P009,"Anchoa, pasta",4,Fish and seafood,prefix_P,TRUE
P008,"Atún, enlatado en aceite",2,Fish and seafood,prefix_P,TRUE
P007,"Atún, enlatado al natural",3,Fish and seafood,prefix_P,TRUE
P028,"Atún, lomito fresco",1,Fish and seafood,prefix_P,TRUE
P041,"Bocaditos de pescado, prefritos",4,Fish and seafood,prefix_P,TRUE
P021,Brótola,1,Fish and seafood,prefix_P,TRUE
P012,"Caballa, enlatada",3,Fish and seafood,prefix_P,TRUE
P011,"Caballa, tronco",1,Fish and seafood,prefix_P,TRUE
P003,Calamar,1,Fish and seafood,prefix_P,TRUE
P004,Camarón,1,Fish and seafood,prefix_P,TRUE
P031,Cornalitos,1,Fish and seafood,prefix_P,TRUE
P023,Corvina,1,Fish and seafood,prefix_P,TRUE
P035,Dorado,1,Fish and seafood,prefix_P,TRUE
P024,Gatuzo,1,Fish and seafood,prefix_P,TRUE
P046,Hamburguesa de pescado (pescadería),1,Fish and seafood,prefix_P,TRUE
P039,Kani Kama,4,Fish and seafood,prefix_P,TRUE
P005,Langostino,1,Fish and seafood,prefix_P,TRUE
P022,Lenguado,1,Fish and seafood,prefix_P,TRUE
P043,"Medallón de pescado relleno con queso y espinaca, prefrito",3,Fish and seafood,prefix_P,TRUE
P006,Mejillón,1,Fish and seafood,prefix_P,TRUE
P020,Merluza,1,Fish and seafood,prefix_P,TRUE
P045,"Merluza, enlatada en agua y aceite",2,Fish and seafood,prefix_P,TRUE
P040,"Milanesa de pescado, prefrita",4,Fish and seafood,prefix_P,TRUE
P036,Pacú,1,Fish and seafood,prefix_P,TRUE
P033,Palometa,1,Fish and seafood,prefix_P,TRUE
P030,Pejerrey,1,Fish and seafood,prefix_P,TRUE
P001,"Pescados de mar (ej: brótola, corvina blanca, gatuso, lenguado, merluza, etc.),",1,Fish and seafood,prefix_P,TRUE
P002,"Pescados de río (ej: dorado, palometa, surubí, trucha, etc.), PROMEDIO",1,Fish and seafood,prefix_P,TRUE
P025,Pollo de mar,1,Fish and seafood,prefix_P,TRUE
P038,Pulpo,1,Fish and seafood,prefix_P,TRUE
P047,Rabas (restaurant),1,Fish and seafood,prefix_P,TRUE
P037,Sábalo,1,Fish and seafood,prefix_P,TRUE
P026,Salmón blanco,2,Fish and seafood,prefix_P,TRUE
P027,Salmón rosado,2,Fish and seafood,prefix_P,TRUE
P044,"Sardinas, enlatadas al natural",3,Fish and seafood,prefix_P,TRUE
P013,"Sardinas, enlatadas en aceite",2,Fish and seafood,prefix_P,TRUE
P034,Surubí,1,Fish and seafood,prefix_P,TRUE
P032,Trucha,1,Fish and seafood,prefix_P,TRUE
Z003,Aceite comestible mezcla,2,Oil crops,prefix_Z,TRUE
Z030,"Aceite comestible mezcla, para cocción",2,Oil crops,prefix_Z,TRUE
Z005,Aceite de canola,2,Oil crops,prefix_Z,TRUE
Z032,"Aceite de canola, para cocción",2,Oil crops,prefix_Z,TRUE
Z023,Aceite de chía,2,Oil crops,prefix_Z,TRUE
Z036,"Aceite de chía, para cocción",2,Oil crops,prefix_Z,TRUE
Z022,Aceite de coco,2,Oil crops,prefix_Z,TRUE
Z034,"Aceite de coco, para cocción",2,Oil crops,prefix_Z,TRUE
Z001,Aceite de girasol,2,Oil crops,prefix_Z,TRUE
Z020,Aceite de girasol alto oleico,2,Oil crops,prefix_Z,TRUE
Z027,"Aceite de girasol alto oleico, para cocción",2,Oil crops,prefix_Z,TRUE
Z026,"Aceite de girasol, para cocción",2,Oil crops,prefix_Z,TRUE
Z002,Aceite de maíz,2,Oil crops,prefix_Z,TRUE
Z028,"Aceite de maíz, para cocción",2,Oil crops,prefix_Z,TRUE
Z021,Aceite mezcla con oliva,2,Oil crops,prefix_Z,TRUE
Z029,"Aceite mezcla con oliva, para cocción",2,Oil crops,prefix_Z,TRUE
Z004,Aceite de oliva,2,Oil crops,prefix_Z,TRUE
Z031,"Aceite de oliva, para cocción",2,Oil crops,prefix_Z,TRUE
Z042,Aceite de sésamo,2,Oil crops,prefix_Z,TRUE
Z007,Aceite de soja,2,Oil crops,prefix_Z,TRUE
Z035,"Aceite de soja, para cocción",2,Oil crops,prefix_Z,TRUE
Z006,Aceite de uva,2,Oil crops,prefix_Z,TRUE
Z033,"Aceite de uva, para cocción",2,Oil crops,prefix_Z,TRUE
Z025,"Aceite para cocción, PROMEDIO",2,Oil crops,prefix_Z,TRUE
Z000,"Aceite, PROMEDIO",2,Oil crops,prefix_Z,TRUE
Z024,Rocío vegetal,4,Oil crops,prefix_Z,TRUE
Z037,"Rocío vegetal, para cocción",4,Oil crops,prefix_Z,TRUE
Z043,Alimento a base de almendras (leche de almendras),4,Oil crops,prefix_Z,TRUE
Z040,Alimento a base de castañas (leche de castañas),4,Oil crops,prefix_Z,TRUE
Z050,Alimento a base de almendras con chocolate (chocolatada),4,Oil crops,prefix_Z,TRUE
Z008,Almendra,1,Oil crops,prefix_Z,TRUE
Z009,Avellana,1,Oil crops,prefix_Z,TRUE
Z045,Gomasio (sésamo integral tostado y molido con sal marina),2,Oil crops,prefix_Z,TRUE
Z011,Maní tostado salado,2,Oil crops,prefix_Z,TRUE
Z010,Maní tostado sin sal,2,Oil crops,prefix_Z,TRUE
Z048,Mantequilla de maní,4,Oil crops,prefix_Z,TRUE
Z047,fortificado con calcio,1,Oil crops,prefix_Z,TRUE
Z016,"Mix de frutos secos, semillas y pasas de uva",4,Oil crops,prefix_Z,TRUE
Z012,Nuez,1,Oil crops,prefix_Z,TRUE
Z013,Pistacho,1,Oil crops,prefix_Z,TRUE
Z038,Pistacho salado,2,Oil crops,prefix_Z,TRUE
Z041,Semilla de chía,1,Oil crops,prefix_Z,TRUE
Z014,Semilla de girasol,1,Oil crops,prefix_Z,TRUE
Z049,Semilla de girasol con sal y con cáscara,2,Oil crops,prefix_Z,TRUE
Z015,Semilla de sésamo,1,Oil crops,prefix_Z,TRUE
Z044,Semilla de zapallo,1,Oil crops,prefix_Z,TRUE
Z046,Semilla de amapola,1,Oil crops,prefix_Z,TRUE
Z039,Semilla de lino,1,Oil crops,prefix_Z,TRUE
D003,Azúcar blanca molida,2,NA,prefix_D_sugar_unmapped,FALSE
D070,Azúcar light,4,NA,prefix_D_sugar_unmapped,FALSE
D127,Azúcar impalpable,2,NA,prefix_D_sugar_unmapped,FALSE
D004,Azúcar morena / azúcar mascabo,2,NA,prefix_D_sugar_unmapped,FALSE
D083,Edulcorante en polvo con aspartamo y acesulfame k,4,NA,prefix_D_other_unmapped,FALSE
D084,"Edulcorante en polvo con sacarina y ciclamato (tipo Hileret clásico 1 a 10, Sucaryl",4,NA,prefix_D_other_unmapped,FALSE
D085,Edulcorante en polvo con stevia,4,NA,prefix_D_other_unmapped,FALSE
D071,"Edulcorante en polvo, PROMEDIO",4,NA,prefix_D_other_unmapped,FALSE
D086,Edulcorante en polvo con sucralosa,4,NA,prefix_D_other_unmapped,FALSE
D093,Edulcorante en tabletas o comprimidos con aspartamo y acesulfame k,4,NA,prefix_D_other_unmapped,FALSE
D094,Edulcorante en tabletas o comprimidos con ciclamato y sacarina,4,NA,prefix_D_other_unmapped,FALSE
D092,Edulcorante en tabletas o comprimidos sin identificar,4,NA,prefix_D_other_unmapped,FALSE
D091,"Edulcorante líquido con ciclamato, sacarina y sucralosa",4,NA,prefix_D_other_unmapped,FALSE
D088,Edulcorante líquido con aspartamo,4,NA,prefix_D_other_unmapped,FALSE
D089,Edulcorante líquido con sacarina y ciclamato,4,NA,prefix_D_other_unmapped,FALSE
D072,Edulcorante líquido con stevia,4,NA,prefix_D_other_unmapped,FALSE
D090,Edulcorante líquido con sucralosa,4,NA,prefix_D_other_unmapped,FALSE
D087,"Edulcorante líquido, PROMEDIO",4,NA,prefix_D_other_unmapped,FALSE
D116,Glucosa,4,NA,prefix_D_other_unmapped,FALSE
D037,Alfajor de arroz,4,Baked products,prefix_D_baked_sweet,TRUE
D001,Alfajor de chocolate,4,Nuts and seeds,prefix_D_cocoa_to_nuts,TRUE
D028,Alfajor de chocolate con relleno tipo mousse,4,Nuts and seeds,prefix_D_cocoa_to_nuts,TRUE
D002,Alfajor de dulce de leche,4,Baked products,prefix_D_baked_sweet,TRUE
D036,Alfajor de fruta,4,Baked products,prefix_D_baked_sweet,TRUE
D029,Alfajor de maicena,4,Baked products,prefix_D_baked_sweet,TRUE
D107,Alfajor de miel,4,Baked products,prefix_D_baked_sweet,TRUE
D035,Alfajor light,4,Baked products,prefix_D_baked_sweet,TRUE
D104,"Alfajor santafesino, tapas cubiertas con glasé",4,Baked products,prefix_D_baked_sweet,TRUE
D118,Algodón de azúcar,2,NA,prefix_D_sugar_unmapped,FALSE
D102,Bananita con cobertura de chocolate,4,Nuts and seeds,prefix_D_cocoa_to_nuts,TRUE
D132,Barra proteica,4,NA,prefix_D_other_unmapped,FALSE
D041,Barra de arroz rellena bañada,4,NA,prefix_D_other_unmapped,FALSE
D044,Bombones de fruta,4,NA,prefix_D_other_unmapped,FALSE
D014,Caramelos duros,4,NA,prefix_D_sugar_unmapped,FALSE
D015,Caramelos duros light,4,NA,prefix_D_sugar_unmapped,FALSE
D013,Caramelos masticables,4,NA,prefix_D_sugar_unmapped,FALSE
D012,Caramelos rellenos,4,NA,prefix_D_sugar_unmapped,FALSE
D042,Chicles,4,NA,prefix_D_other_unmapped,FALSE
D043,Chicles sin azúcar,4,NA,prefix_D_sugar_unmapped,FALSE
D047,Chupetín,4,NA,prefix_D_other_unmapped,FALSE
D034,Conito de dulce de leche envasado,4,NA,prefix_D_other_unmapped,FALSE
D110,Crema saborizada envasada tipo Ducrem,4,Dairy products,prefix_D_dairy_dessert,TRUE
D033,Cubanito relleno,4,NA,prefix_D_other_unmapped,FALSE
D080,Garrapiñada de maní,4,NA,prefix_D_other_unmapped,FALSE
D125,Golosinas de merengue y cucurucho tipo Heladitos / Gallinitas,4,NA,prefix_D_other_unmapped,FALSE
D048,Gomitas de gelatina,4,NA,prefix_D_other_unmapped,FALSE
D122,Habanitos de chocolate,4,Nuts and seeds,prefix_D_cocoa_to_nuts,TRUE
D101,Malvaviscos,4,NA,prefix_D_other_unmapped,FALSE
D040,Merengues / merenguitos,4,NA,prefix_D_other_unmapped,FALSE
D106,Mielcitas,2,NA,prefix_D_sugar_unmapped,FALSE
D038,Minitorta bañada,4,Baked products,prefix_D_baked_sweet,TRUE
D032,Oblea bañada tipo Kit Kat,4,NA,prefix_D_other_unmapped,FALSE
D039,Oblea bañada tipo Nugaton,4,NA,prefix_D_other_unmapped,FALSE
D045,Pastillas,4,NA,prefix_D_other_unmapped,FALSE
D046,Pastillas sin azúcar,2,NA,prefix_D_sugar_unmapped,FALSE
D049,"Postre a base de pasta de maní, tipo Mantecol",4,NA,prefix_D_other_unmapped,FALSE
D030,Rhodesia,4,NA,prefix_D_other_unmapped,FALSE
D079,Tableta de dulce de leche light,4,NA,prefix_D_other_unmapped,FALSE
D078,Tableta de dulce de leche,4,NA,prefix_D_other_unmapped,FALSE
D031,Tita,4,NA,prefix_D_other_unmapped,FALSE
D052,Baño de repostería para cubrir tortas,4,Baked products,prefix_D_baked_sweet,TRUE
D053,Barra de chocolate tipo Kinder,4,Nuts and seeds,prefix_D_cocoa_to_nuts,TRUE
D054,Bocadito con dulce de leche tipo Cabsha,4,NA,prefix_D_other_unmapped,FALSE
D113,Bocadito tipo Dos Corazones,4,NA,prefix_D_other_unmapped,FALSE
D115,Bocadito tipo Marroc,4,NA,prefix_D_other_unmapped,FALSE
D055,Bombón tipo Bon O Bon,4,NA,prefix_D_other_unmapped,FALSE
D129,Bombón de chocolate relleno de licor,4,Nuts and seeds,prefix_D_cocoa_to_nuts,TRUE
D050,Cacao amargo*,2,Nuts and seeds,prefix_D_cocoa_to_nuts,TRUE
D018,Cacao en polvo sin fortificar*,4,Nuts and seeds,prefix_D_cocoa_to_nuts,TRUE
D051,Cacao en polvo tipo Nesquik*,4,Nuts and seeds,prefix_D_cocoa_to_nuts,TRUE
D108,Cacao en polvo tipo Zucoa / Zucoa Max instantáneo otros sabores*,4,Nuts and seeds,prefix_D_cocoa_to_nuts,TRUE
D117,"Cacao, cascarilla*",4,Nuts and seeds,prefix_D_cocoa_to_nuts,TRUE
D123,Chips de chocolate,4,Nuts and seeds,prefix_D_cocoa_to_nuts,TRUE
D057,cacao o más,4,Nuts and seeds,prefix_D_cocoa_to_nuts,TRUE
D126,Chocolate amargo,4,Nuts and seeds,prefix_D_cocoa_to_nuts,TRUE
D058,Chocolate blanco,4,Nuts and seeds,prefix_D_cocoa_to_nuts,TRUE
D059,Chocolate con almendras,4,Nuts and seeds,prefix_D_cocoa_to_nuts,TRUE
D056,Chocolate con maní,4,Nuts and seeds,prefix_D_cocoa_to_nuts,TRUE
D119,Chocolate relleno con pasta de maní tipo Snickers,4,Nuts and seeds,prefix_D_cocoa_to_nuts,TRUE
D060,Chocolate light,4,Nuts and seeds,prefix_D_cocoa_to_nuts,TRUE
D016,Chocolate para taza,4,Nuts and seeds,prefix_D_cocoa_to_nuts,TRUE
D095,Chocolate relleno de dulce de leche tipo Tofi,4,Nuts and seeds,prefix_D_cocoa_to_nuts,TRUE
D017,Chocolatín / chocolate con leche,4,Nuts and seeds,prefix_D_cocoa_to_nuts,TRUE
D061,Huevo de chocolate tipo Kinder,4,Nuts and seeds,prefix_D_cocoa_to_nuts,TRUE
D063,Lentejas de chocolate,4,Nuts and seeds,prefix_D_cocoa_to_nuts,TRUE
D062,Maní con chocolate,4,Nuts and seeds,prefix_D_cocoa_to_nuts,TRUE
D131,Medallón de menta y chocolate,4,Nuts and seeds,prefix_D_cocoa_to_nuts,TRUE
D133,Pasas de uva con chocolate,4,Nuts and seeds,prefix_D_cocoa_to_nuts,TRUE
D066,Bombón helado,4,Dairy products,prefix_D_dairy_dessert,TRUE
D064,Helado de agua (heladería),4,Dairy products,prefix_D_dairy_dessert,TRUE
D019,Helado de agua (palito),4,Dairy products,prefix_D_dairy_dessert,TRUE
D020,Helado de crema (heladería),4,Dairy products,prefix_D_dairy_dessert,TRUE
D065,Helado de crema envasado,4,Dairy products,prefix_D_dairy_dessert,TRUE
D067,"Helado envasado con cucurucho, PROMEDIO",4,Dairy products,prefix_D_dairy_dessert,TRUE
D068,Polvo para preparar helado*,4,Dairy products,prefix_D_dairy_dessert,TRUE
D111,Torta helada envasada (crema helada varios sabores con base de galleta),4,Dairy products,prefix_D_dairy_dessert,TRUE
D100,Almíbar,3,NA,prefix_D_other_unmapped,FALSE
D026,Arrope,2,NA,prefix_D_other_unmapped,FALSE
D114,Crema de avellanas con cacao tipo Nutella,4,Dairy products,prefix_D_dairy_dessert,TRUE
D005,Dulce de batata,3,NA,prefix_D_other_unmapped,FALSE
D081,Dulce de batata light,4,NA,prefix_D_other_unmapped,FALSE
D073,Dulce de cayote,4,NA,prefix_D_other_unmapped,FALSE
D008,Dulce de leche,4,NA,prefix_D_other_unmapped,FALSE
D077,Dulce de leche light,4,NA,prefix_D_other_unmapped,FALSE
D120,Dulce de mamón,4,NA,prefix_D_other_unmapped,FALSE
D006,Dulce de membrillo,3,Fruits,prefix_D_fruit_preserve,TRUE
D082,Dulce de membrillo light,4,Fruits,prefix_D_fruit_preserve,TRUE
D128,Dulce de zapallo (compacto),4,NA,prefix_D_other_unmapped,FALSE
D130,Fondant,4,NA,prefix_D_other_unmapped,FALSE
D098,Grana para decorar tortas,4,Baked products,prefix_D_baked_sweet,TRUE
D007,Jalea tipo membrillo,4,Fruits,prefix_D_fruit_preserve,TRUE
D027,Kero o melaza,2,NA,prefix_D_other_unmapped,FALSE
D010,Mermelada de frutas,4,Fruits,prefix_D_fruit_preserve,TRUE
D025,Mermelada de frutas light,4,Fruits,prefix_D_fruit_preserve,TRUE
D011,Miel,2,NA,prefix_D_sugar_unmapped,FALSE
D134,Miel de caña,2,NA,prefix_D_sugar_unmapped,FALSE
D099,"Pulpa de frutas para repostería, coberturas y rellenos (frutilla, arándano o maracuyá)",4,NA,prefix_D_other_unmapped,FALSE
D105,Rapadura,2,NA,prefix_D_other_unmapped,FALSE
D109,"Relleno y cobertura para repostería lista para batir, varios sabores",4,NA,prefix_D_other_unmapped,FALSE
D124,"Saborizadores Tecknofood, sabores varios (malta, vainilla)",4,NA,prefix_D_other_unmapped,FALSE
D097,Salsa topping de chocolate,4,Nuts and seeds,prefix_D_cocoa_to_nuts,TRUE
D096,Salsa topping de dulce de leche,4,NA,prefix_D_other_unmapped,FALSE
G017,Chicharrón,2,Pork,prefix_G_chicharron_pork,TRUE
G013,Crema de leche,2,Dairy products,prefix_G_cream_dairy,TRUE
G018,"Crema chantilly (lista para consumir, aerosol o industrial preparada)",4,Dairy products,prefix_G_cream_dairy,TRUE
G016,Crema light,4,Dairy products,prefix_G_cream_dairy,TRUE
G008,Grasa de cerdo,2,Pork,prefix_G_lard,TRUE
G019,Grasa de pollo,2,Poultry,prefix_G_chicken_fat,TRUE
G009,Grasa vacuna,2,Beef,prefix_G_beef_fat,TRUE
G010,Manteca,2,Dairy products,prefix_G_butter_dairy,TRUE
G015,Manteca light,4,Dairy products,prefix_G_butter_dairy,TRUE
G011,Margarina (en pote y en pan),4,Oil crops,prefix_G_default_oil,TRUE
G012,Margarina untable light,4,Oil crops,prefix_G_default_oil,TRUE
O013,Palitos aireados de harina de maíz o de colores,4,Baked products,prefix_O_snack_baked_proxy,TRUE
O014,Palitos salados,4,Baked products,prefix_O_snack_baked_proxy,TRUE
O015,Papas fritas de copetín,4,Baked products,prefix_O_snack_baked_proxy,TRUE
O043,Maní japonés,4,Nuts and seeds,prefix_O_peanut,TRUE
O028,Nachos,4,Baked products,prefix_O_snack_baked_proxy,TRUE
O041,Snacks saborizados salados a base de maíz,4,Baked products,prefix_O_snack_baked_proxy,TRUE
O044,"Snacks saborizados salados a base de sémola de arroz, horneados, tipo Palitos de",4,Baked products,prefix_O_snack_baked_proxy,TRUE
O022,Aceto balsámico,4,NA,prefix_O_other_unmapped,FALSE
O048,Aderezo Salsa Alioli,4,Oil crops,prefix_O_dressing_oil_proxy,TRUE
O021,Aderezo Caesar o Ranch,4,Oil crops,prefix_O_dressing_oil_proxy,TRUE
O045,Aderezo para ensaladas light,4,Oil crops,prefix_O_dressing_oil_proxy,TRUE
O037,Aderezo Salsa Cheddar,4,Oil crops,prefix_O_dressing_oil_proxy,TRUE
B069,"Jugo de limón, envasado",4,Fruits,prefix_B_juice_to_fruits,TRUE
O005,Ketchup,4,Vegetables (outdoor),prefix_O_tomato_sauce,TRUE
O001,Mayonesa,4,Oil crops,prefix_O_dressing_oil_proxy,TRUE
O002,Mayonesa light,4,Oil crops,prefix_O_dressing_oil_proxy,TRUE
O003,Mayonesa de soja,4,Oil crops,prefix_O_dressing_oil_proxy,TRUE
O006,Mostaza,4,Oil crops,prefix_O_dressing_oil_proxy,TRUE
O035,"Salsa a base de tomate en tetra brick o sachet, lista para consumir (ej: pomarola,",2,Vegetables (outdoor),prefix_O_tomato_sauce,TRUE
O047,Salsa agridulce,2,NA,prefix_O_other_unmapped,FALSE
O020,Salsa barbacoa,2,NA,prefix_O_other_unmapped,FALSE
O049,Salsa blanca en polvo envasada*,4,NA,prefix_O_other_unmapped,FALSE
O051,Salsa chimichurri envasada,2,NA,prefix_O_other_unmapped,FALSE
O046,"Salsa deshidratada varios sabores, polvo*",4,NA,prefix_O_other_unmapped,FALSE
O034,Salsa de soja,2,NA,prefix_O_other_unmapped,FALSE
O004,Salsa Golf,2,NA,prefix_O_other_unmapped,FALSE
O040,"Salsa para guiso campero envasada, fortificada*",4,NA,prefix_O_other_unmapped,FALSE
O023,Vinagre,2,NA,prefix_O_other_unmapped,FALSE
O007,Caldos en cubo*,4,NA,prefix_O_other_unmapped,FALSE
O039,Caldos en polvo*,4,NA,prefix_O_other_unmapped,FALSE
O008,Caldos en polvo light*,4,NA,prefix_O_other_unmapped,FALSE
O009,Caldos en polvo sin sal light*,4,NA,prefix_O_other_unmapped,FALSE
O010,Sopa crema instantánea preparada,4,NA,prefix_O_other_unmapped,FALSE
O011,Sopa crema preparada a partir de polvo premezcla light,4,NA,prefix_O_other_unmapped,FALSE
O012,Sopa crema preparada a partir de polvo premezcla sin sal light,4,NA,prefix_O_other_unmapped,FALSE
O024,Saborizador en cubos,4,NA,prefix_O_other_unmapped,FALSE
O038,Saborizador en polvo,4,NA,prefix_O_other_unmapped,FALSE
O025,Sopa de fideos deshidratada envasada para preparar*,4,NA,prefix_O_other_unmapped,FALSE
O029,"Sopa crema instantánea, polvo para preparar (sabores varios)*",4,NA,prefix_O_other_unmapped,FALSE
O030,"Sopa crema instantánea, polvo para preparar light (sabores varios)*",4,NA,prefix_O_other_unmapped,FALSE
O036,"Sopa de vegetales instantánea, polvo para preparar*",4,NA,prefix_O_other_unmapped,FALSE
D103,Arroz con leche envasado listo para consumir,4,NA,prefix_D_other_unmapped,FALSE
D121,"Arroz con leche envasado sabor caramelo, fortificado",4,NA,prefix_D_sugar_unmapped,FALSE
D069,Gelatina envasada lista para consumir,4,NA,prefix_D_other_unmapped,FALSE
D022,"Gelatina light, preparada a partir de polvo",4,NA,prefix_D_other_unmapped,FALSE
D021,Gelatina preparada a partir de polvo,4,NA,prefix_D_other_unmapped,FALSE
D009,Polvo para preparar flan*,4,Dairy products,prefix_D_dairy_dessert,TRUE
D075,Polvo para preparar postre lácteo*,4,Dairy products,prefix_D_dairy_dessert,TRUE
D076,Polvo para preparar postre lácteo light*,4,Dairy products,prefix_D_dairy_dessert,TRUE
D112,Polvo para preparar mousse de limón / chocolate*,4,Nuts and seeds,prefix_D_cocoa_to_nuts,TRUE
O042,Bicarbonato de sodio,2,NA,prefix_O_other_unmapped,FALSE
O026,Sal,2,NA,prefix_O_salt_unmapped,FALSE
O050,Sal Marina,2,NA,prefix_O_salt_unmapped,FALSE
O033,"Sal dietética o modificada, PROMEDIO",4,NA,prefix_O_salt_unmapped,FALSE
O027,"Sal dietética, sin sodio",4,NA,prefix_O_salt_unmapped,FALSE
O031,Cloruro de sodio,2,NA,prefix_O_other_unmapped,FALSE
O032,Cloruro de sodio,2,NA,prefix_O_other_unmapped,FALSE
B055,Achilate / achilata,4,NA,prefix_B_other_unmapped,FALSE
B044,"Agua saborizada Aquarius, varios sabores",4,NA,prefix_B_water_unmapped,FALSE
B046,"Agua saborizada Awafrut, varios sabores",4,NA,prefix_B_water_unmapped,FALSE
B030,"Agua saborizada con azúcar, PROMEDIO",4,NA,prefix_B_water_unmapped,FALSE
B045,"Agua saborizada Levité, varios sabores",4,NA,prefix_B_water_unmapped,FALSE
B047,"Agua saborizada tipo Sierra de los Padres, Manaos, otros",4,NA,prefix_B_water_unmapped,FALSE
B001,Amargo serrano*,4,NA,prefix_B_other_unmapped,FALSE
B003,"Bebida a base de soja y jugo, varios sabores",4,Fruits,prefix_B_juice_to_fruits,TRUE
B004,"Bebida a base de soja y jugo, varios sabores light",4,Fruits,prefix_B_juice_to_fruits,TRUE
B020,Bebida a base de soja sabor natural,4,Legumes and pulses,prefix_B_soy_to_legumes,TRUE
B008,"Gaseosa con azúcar, PROMEDIO",4,NA,prefix_B_other_unmapped,FALSE
B021,"Gaseosa con azúcar, sabor cola",4,NA,prefix_B_other_unmapped,FALSE
B022,"Gaseosa con azúcar, sabor lima limón",4,Fruits,prefix_B_juice_to_fruits,TRUE
B023,"Gaseosa con azúcar, sabor naranja",4,Fruits,prefix_B_juice_to_fruits,TRUE
B024,"Gaseosa con azúcar, sabor pomelo",4,Fruits,prefix_B_juice_to_fruits,TRUE
B025,"Gaseosa con azúcar, agua tónica",4,NA,prefix_B_water_unmapped,FALSE
B037,"Gatorade, varios sabores",4,NA,prefix_B_other_unmapped,FALSE
B054,Jugo congelado con azúcar en sachet,2,Fruits,prefix_B_juice_to_fruits,TRUE
B010,Jugo de fruta envasado varios sabores,4,Fruits,prefix_B_juice_to_fruits,TRUE
B011,"Jugo en polvo con azúcar, PROMEDIO*",4,Fruits,prefix_B_juice_to_fruits,TRUE
B053,Jugo en polvo con azúcar*,4,Fruits,prefix_B_juice_to_fruits,TRUE
B014,Jugo concentrado con azúcar para diluir*,4,Fruits,prefix_B_juice_to_fruits,TRUE
B038,"Powerade, varios sabores",4,NA,prefix_B_other_unmapped,FALSE
B049,"Agua saborizada H2O, varios sabores",4,NA,prefix_B_water_unmapped,FALSE
B051,Agua saborizada Flip light,4,NA,prefix_B_water_unmapped,FALSE
B048,"Agua saborizada Levité Cero, varios sabores light",4,NA,prefix_B_water_unmapped,FALSE
B031,"Agua saborizada light, PROMEDIO",4,NA,prefix_B_water_unmapped,FALSE
B050,Agua saborizada We o Ser ligth,4,NA,prefix_B_water_unmapped,FALSE
B002,Amargo serrano light*,4,NA,prefix_B_other_unmapped,FALSE
B009,"Gaseosa light, PROMEDIO",4,NA,prefix_B_other_unmapped,FALSE
B112,"Gaseosa light, Guaraná",4,NA,prefix_B_other_unmapped,FALSE
B026,"Gaseosa light, sabor cola",4,NA,prefix_B_other_unmapped,FALSE
B027,"Gaseosa light, sabor lima limón",4,Fruits,prefix_B_juice_to_fruits,TRUE
B028,"Gaseosa light, sabor naranja",4,Fruits,prefix_B_juice_to_fruits,TRUE
B029,"Gaseosa light, sabor pomelo",4,Fruits,prefix_B_juice_to_fruits,TRUE
B039,"Gatorade Zero, varios sabores (sin azúcar)",4,NA,prefix_B_other_unmapped,FALSE
B131,Granadina Zero (sin azúcar),4,NA,prefix_B_other_unmapped,FALSE
B052,Jugo en polvo BC*,4,Fruits,prefix_B_juice_to_fruits,TRUE
B012,Jugo en polvo light*,4,Fruits,prefix_B_juice_to_fruits,TRUE
B121,de jugo y pulpa),4,Fruits,prefix_B_juice_to_fruits,TRUE
B118,Jugo concentrado para diluir light*,4,Fruits,prefix_B_juice_to_fruits,TRUE
B040,"Powerade Zero, varios sabores (sin azúcar)",4,NA,prefix_B_other_unmapped,FALSE
B129,Ananá Fizz,4,NA,prefix_B_other_unmapped,FALSE
B119,"Aperitivo, tipo Gancia",3,NA,prefix_B_other_unmapped,FALSE
B005,"Bebidas destiladas, PROMEDIO",4,NA,prefix_B_other_unmapped,FALSE
B041,Bebida energizante,4,NA,prefix_B_other_unmapped,FALSE
B113,"Bebida mezcla de fernet con gaseosa sabor cola, lista para consumir",4,NA,prefix_B_other_unmapped,FALSE
B006,Cerveza con alcohol,3,NA,prefix_B_other_unmapped,FALSE
B007,Cerveza sin alcohol,3,NA,prefix_B_other_unmapped,FALSE
B042,Champagne,3,NA,prefix_B_other_unmapped,FALSE
B128,"Chicha, bebida tradicional obtenida por fermentación del maíz",4,NA,prefix_B_other_unmapped,FALSE
B115,Dr. Lemon,4,NA,prefix_B_other_unmapped,FALSE
B043,Fernet,3,NA,prefix_B_other_unmapped,FALSE
B013,"Licor, PROMEDIO",3,NA,prefix_B_other_unmapped,FALSE
B015,Sidra,3,NA,prefix_B_other_unmapped,FALSE
B016,Vermouth,4,NA,prefix_B_other_unmapped,FALSE
B017,Vino blanco,3,Fruits,prefix_B_wine_to_fruits,TRUE
B120,"Vino espumante, tipo Frizze",3,Fruits,prefix_B_wine_to_fruits,TRUE
B122,Vino Mistela,3,Fruits,prefix_B_wine_to_fruits,TRUE
B123,Vino rosado,3,Fruits,prefix_B_wine_to_fruits,TRUE
B072,Vino tinto,3,Fruits,prefix_B_wine_to_fruits,TRUE
B125,Vodka,3,NA,prefix_B_other_unmapped,FALSE
B111,Agua con gas / soda,1,NA,prefix_B_water_unmapped,FALSE
B126,Agua de mar,1,NA,prefix_B_water_unmapped,FALSE
B109,"Agua de lluvia, río, canal, arroyo o acequia",1,NA,prefix_B_water_unmapped,FALSE
B110,"Agua de lluvia, río, canal, arroyo o acequia, hervida y/o con lavandina",1,NA,prefix_B_water_unmapped,FALSE
B105,Agua de perforación con bomba,1,NA,prefix_B_water_unmapped,FALSE
B106,"Agua de perforación con bomba, hervida y/o con lavandina",1,NA,prefix_B_water_unmapped,FALSE
B107,Agua de pozo,1,NA,prefix_B_water_unmapped,FALSE
B108,"Agua de pozo, hervida y/o con lavandina",1,NA,prefix_B_water_unmapped,FALSE
B101,"Agua de red pública o agua corriente, dentro del hogar",1,NA,prefix_B_water_unmapped,FALSE
B102,"Agua de red pública o agua corriente, filtrada (filtro o dispenser de agua)",1,NA,prefix_B_water_unmapped,FALSE
B103,Agua embotellada (bidón / botella),1,NA,prefix_B_water_unmapped,FALSE
B104,"Agua embotellada (bidón / botella), bajo contenido de sodio",1,NA,prefix_B_water_unmapped,FALSE
B100,Agua origen desconocido,1,NA,prefix_B_water_unmapped,FALSE
B114,Hielo para bebidas,4,NA,prefix_B_other_unmapped,FALSE
B078,Jugo de arándanos y chía,4,Fruits,prefix_B_juice_to_fruits,TRUE
B124,"Jugo de arándanos, natural",1,Fruits,prefix_B_juice_to_fruits,TRUE
B032,"Jugo de fruta, exprimido sin azúcar agregada, envasado",2,Fruits,prefix_B_juice_to_fruits,TRUE
B033,"Jugo de fruta, pasteurizado no reconstituido",4,Fruits,prefix_B_juice_to_fruits,TRUE
B034,"Jugo de limón, exprimido",4,Fruits,prefix_B_juice_to_fruits,TRUE
B035,"Jugo de naranja, exprimido",4,Fruits,prefix_B_juice_to_fruits,TRUE
B116,"Jugo de papaya, natural",1,Fruits,prefix_B_juice_to_fruits,TRUE
B036,"Jugo de pomelo, exprimido",4,Fruits,prefix_B_juice_to_fruits,TRUE
B117,Café con leche en cápsula*,4,NA,prefix_B_infusion_unmapped,FALSE
B073,Café en saquitos (ingresar cantidad de saquitos)*,1,NA,prefix_B_infusion_unmapped,FALSE
B060,Café instantáneo (polvo o granulado con leche y azúcar para preparar)*,4,NA,prefix_B_infusion_unmapped,FALSE
B056,Café instantáneo descafeinado (polvo o granulado para preparar)*,4,NA,prefix_B_infusion_unmapped,FALSE
B057,Café instantáneo (polvo o granulado para preparar)*,4,NA,prefix_B_infusion_unmapped,FALSE
B059,Café molido en cápsula*,4,NA,prefix_B_infusion_unmapped,FALSE
B058,Café preparado a partir de grano molido (tipo café de filtro),1,NA,prefix_B_infusion_unmapped,FALSE
B063,Capucchino instantáneo (polvo o granulado para preparar)*,4,NA,prefix_B_other_unmapped,FALSE
B062,Capucchino instantáneo (polvo o granulado para preparar light)*,4,NA,prefix_B_other_unmapped,FALSE
B061,Capucchino preparado,4,NA,prefix_B_other_unmapped,FALSE
B127,"Infusión de hierbas en hebras tipo Boldo, Manzanilla, otros (ingresar cantidad en",1,NA,prefix_B_infusion_unmapped,FALSE
B068,"Infusión de hierbas en saquitos tipo Boldo, Manzanilla, otros (ingresar cantidad de",1,NA,prefix_B_infusion_unmapped,FALSE
B065,Mate cocido en saquitos (ingresar cantidad de saquitos)*,1,NA,prefix_B_infusion_unmapped,FALSE
B130,Malta instantánea polvo*,4,NA,prefix_B_other_unmapped,FALSE
B076,Té blanco en hebras (ingresar cantidad en gramos)*,1,NA,prefix_B_infusion_unmapped,FALSE
B075,Té blanco en saquitos (ingresar cantidad de saquitos)*,1,NA,prefix_B_infusion_unmapped,FALSE
B071,Té negro en hebras (ingresar cantidad en gramos)*,1,NA,prefix_B_infusion_unmapped,FALSE
B066,Té negro en saquitos (ingresar cantidad de saquitos)*,1,NA,prefix_B_infusion_unmapped,FALSE
B077,"Té saborizado en saquitos, varios sabores (ingresar cantidad de saquitos)*",4,NA,prefix_B_infusion_unmapped,FALSE
B132,Té concentrado de hierbas Herbalife,4,NA,prefix_B_infusion_unmapped,FALSE
B067,Té verde en saquitos (ingresar cantidad de saquitos)*,1,NA,prefix_B_infusion_unmapped,FALSE
B064,Yerba mate para mate cebado (ingresar cantidad en gramos)*,1,NA,prefix_B_infusion_unmapped,FALSE
B070,Yerba mate para mate cocido (ingresar cantidad en gramos)*,1,NA,prefix_B_infusion_unmapped,FALSE
B074,Yerba mate para tereré (ingresar cantidad en gramos)*,1,NA,prefix_B_infusion_unmapped,FALSE
R053,"McDonald's, BigMc (ingresar cantidad de porciones)",4,NA,prefix_R_unmapped,FALSE
R046,"McDonald's, Cajita Feliz, Hamburguesa con queso Grill (ingresar cantidad de",4,Beef,prefix_R_beef_preparation,TRUE
R045,"McDonald's, Cajita Feliz, Hamburguesa Grill (ingresar cantidad de porciones)",4,Beef,prefix_R_beef_preparation,TRUE
R043,"s, Cajita Feliz, Mc Tostado (ingresar cantidad de porciones)",3,NA,prefix_R_unmapped,FALSE
R040,"s, Cajita Feliz, Mc Nuggets X4 (ingresar cantidad de porciones)",4,NA,prefix_R_unmapped,FALSE
R041,"s, Cajita Feliz, Papas Kids (ingresar cantidad de porciones)",3,NA,prefix_R_unmapped,FALSE
R042,"s, Cajita Feliz, Papas pequeñas (ingresar cantidad de porciones)",3,NA,prefix_R_unmapped,FALSE
R044,"s, Cajita Feliz, Tomate cherry 50g (ingresar cantidad de porciones)",3,NA,prefix_R_unmapped,FALSE
R054,"s, Club House (ingresar cantidad de porciones)",3,NA,prefix_R_unmapped,FALSE
R058,"s, Clubhouse/Guacamole/Cryspi Onion BBQ con pollo crispy (ingresar",3,Poultry,prefix_R_poultry,TRUE
R059,"s, Clubhouse/Guacamole/Cryspi Onion BBQ con pollo grill (ingresar",3,Poultry,prefix_R_poultry,TRUE
R064,"s, Cono (ingresar cantidad de porciones)",3,NA,prefix_R_unmapped,FALSE
R052,"s, Cuarto de Libra (ingresar cantidad de porciones)",3,NA,prefix_R_unmapped,FALSE
R049,"s, Doble Cuarto de Libra con queso (ingresar cantidad de porciones)",3,NA,prefix_R_unmapped,FALSE
R047,"s, Hamburguesa (ingresar cantidad de porciones)",3,Beef,prefix_R_beef_preparation,TRUE
R048,"s, Hamburguesa con queso (ingresar cantidad de porciones)",3,Beef,prefix_R_beef_preparation,TRUE
R050,"s, Mcnífica (ingresar cantidad de porciones)",3,NA,prefix_R_unmapped,FALSE
R056,"s, McNuggets x 10 (ingresar cantidad de porciones)",4,NA,prefix_R_unmapped,FALSE
R057,"s, McPollo Grill (ingresar cantidad de porciones)",3,Poultry,prefix_R_poultry,TRUE
R063,"s, Papas grandes (ingresar cantidad de porciones)",3,NA,prefix_R_unmapped,FALSE
R062,"s, Papas medianas (ingresar cantidad de porciones)",3,NA,prefix_R_unmapped,FALSE
R061,"s, Papas pequeñas (ingresar cantidad de porciones)",3,NA,prefix_R_unmapped,FALSE
R060,"s, Pollo Jr. (ingresar cantidad de porciones)",3,Poultry,prefix_R_poultry,TRUE
R065,"s, Sundae chocolate (ingresar cantidad de porciones)",4,NA,prefix_R_unmapped,FALSE
R066,"s, Sundae dulce de leche (ingresar cantidad de porciones)",4,NA,prefix_R_unmapped,FALSE
R068,"s, Mc Flurry Oreo (ingresar cantidad de porciones)",3,NA,prefix_R_unmapped,FALSE
R067,"s, Sundae frutilla (ingresar cantidad de porciones)",3,NA,prefix_R_unmapped,FALSE
R051,"s, Triple Mac (ingresar cantidad de porciones)",3,NA,prefix_R_unmapped,FALSE
